Gene,110-1E,173-1E,187-1E,130-1E,136-1E,151-1E,154-1E,178-1E,183-1E,240-2E,110-2E,173-2E,187-2E,130-2E,136-3E,151-2E,154-2E,178-2E,183-3E,240-3E
ABCF1,20.23,20.02,22.06,22.86,22.46,23.11,21.65,22.32,21.60,22.15,21.91,21.49,21.01,21.18,21.18,21.63,20.49,21.67,20.21,20.9
ADGRE5,18.76,19.18,19.51,18.45,19.99,19.70,19.89,18.79,19.48,19.53,19.09,19.45,18.60,18.93,19.17,17.71,19.67,18.66,19.70,19.42
ADORA2A,13.94,12.57,7.09,15.83,13.46,6.92,13.72,13.27,14.41,15.01,15.26,14.35,11.80,14.23,13.22,14.40,14.23,13.30,14.57,14.64
AIF1,13.20,13.24,7.09,16.21,11.42,6.42,14.61,12.44,13.44,15.01,14.16,12.69,12.02,14.75,13.10,13.32,15.28,11.25,12.33,11.45
AKT1,19.94,19.66,21.46,22.14,22.12,22.47,21.85,22.00,21.63,21.91,21.66,21.30,20.64,20.92,21.00,21.23,20.45,21.56,20.63,20.49
ALOX15B,10.57,5.95,11.63,11.69,10.48,12.17,11.07,7.93,8.94,12.87,8.36,12.91,11.08,7.19,8.77,13.23,7.09,8.52,6.10,8.01
ARG1,6.37,5.45,7.09,6.88,5.96,6.42,6.08,6.64,13.13,6.19,6.56,10.24,6.16,5.61,12.80,6.23,5.93,12.16,6.10,5.92
AXL,12.83,13.89,13.01,15.73,10.48,13.46,12.09,12.71,14.26,12.27,12.92,13.44,11.89,14.30,11.56,14.14,12.27,13.48,14.89,5.92
B3GAT1,9.19,5.45,12.43,11.85,10.32,11.85,8.37,7.64,11.27,11.72,8.36,13.09,12.68,11.60,13.57,13.47,9.37,9.27,6.10,7.51
BAGE,6.37,5.45,7.09,6.88,5.96,6.42,6.08,6.64,6.54,6.19,6.56,6.07,6.16,5.61,6.02,6.23,5.93,6.20,6.10,5.92
BATF,14.81,12.68,13.32,18.32,14.21,14.58,15.59,15.22,15.16,16.29,17.22,12.25,7.16,15.31,13.24,14.19,15.21,7.20,14.00,13.35
BCL2,14.71,14.84,15.33,16.17,16.01,15.42,15.44,15.84,15.36,15.78,15.68,16.83,16.18,16.14,16.42,16.20,17.05,16.53,15.69,16.81
BCL2L11,18.87,17.35,17.35,16.58,16.20,17.76,18.01,17.73,18.79,17.48,18.72,17.65,16.47,17.63,18.19,18.26,18.38,18.01,19.49,16.78
BCL6,16.39,16.22,14.52,15.69,16.17,16.17,16.65,15.61,15.81,16.26,16.49,16.01,15.04,16.49,15.54,15.79,16.28,16.04,16.57,15.02
BRCA1,16.08,17.17,18.67,19.49,19.43,19.10,17.82,18.10,18.23,18.81,17.90,19.64,18.59,18.69,17.69,17.65,16.75,18.74,17.50,18.73
BRCA2,13.48,14.51,7.09,13.64,13.55,11.97,12.93,12.26,12.59,14.03,13.61,15.89,14.80,14.27,14.49,13.43,11.74,13.70,13.89,15.43
BST2,16.53,14.70,16.84,17.74,13.86,15.64,15.70,16.22,16.67,16.36,16.51,15.73,11.50,17.24,15.39,15.43,16.87,15.44,15.85,14.63
BTLA,12.65,11.22,13.49,14.08,5.96,6.42,13.95,7.43,6.54,13.28,14.44,11.30,10.05,13.07,11.52,13.86,13.75,13.12,13.00,11.81
BUB1,14.95,15.72,16.15,16.71,16.54,17.12,15.68,14.84,15.97,14.57,14.43,17.38,16.90,16.82,17.20,16.82,16.68,16.28,16.14,16.78
C10orf54,19.95,17.91,16.93,17.09,17.53,17.93,18.59,18.59,18.53,17.27,19.32,18.33,17.67,19.44,18.87,18.79,18.76,18.47,19.44,17.56
C1QA,12.56,12.61,7.09,17.66,6.46,6.42,10.96,8.14,14.35,12.22,14.70,12.67,10.00,14.37,12.09,15.07,15.46,6.20,12.01,11.61
C1QB,12.93,12.26,7.09,13.68,5.96,12.71,12.88,7.14,11.41,6.19,12.60,6.07,11.03,13.96,14.78,12.72,14.42,11.61,6.10,5.92
CA4,23.60,20.19,20.95,16.75,16.75,21.15,22.19,22.55,22.59,20.04,23.18,21.45,20.61,22.26,23.24,22.54,22.22,22.29,23.34,19.93
CBLB,19.95,19.38,19.66,19.32,19.78,19.07,20.18,20.36,19.93,19.50,20.79,19.63,18.57,19.58,19.33,19.44,19.92,19.60,20.61,18.67
CCL17,6.37,5.45,7.09,6.88,5.96,6.42,6.08,6.64,6.54,6.19,6.56,6.07,6.16,5.61,6.02,6.23,5.93,6.20,6.10,5.92
CCL18,6.37,5.45,7.09,6.88,5.96,6.42,6.08,11.54,6.54,13.38,6.56,6.07,6.16,14.72,6.02,6.23,12.75,6.20,6.10,5.92
CCL2,10.72,10.48,7.09,15.72,11.47,11.21,10.36,12.81,13.38,6.19,10.50,11.60,8.11,12.58,9.77,9.81,12.64,11.95,12.28,10.13
CCL20,16.17,14.16,7.88,15.14,14.65,14.94,14.88,14.58,15.54,17.27,15.65,11.59,12.51,15.31,13.34,11.83,18.94,12.26,16.70,14.4
CCL21,9.93,7.54,13.01,13.69,12.13,14.18,13.20,11.26,14.35,18.44,10.73,11.48,13.17,16.56,11.45,12.72,10.27,13.07,9.73,14.8
CCL22,10.36,9.61,7.09,15.74,5.96,6.42,6.08,6.64,12.43,6.19,6.56,12.29,6.16,5.61,6.02,6.23,11.52,6.70,10.85,10
CCL3,13.72,12.37,7.09,15.80,5.96,6.42,15.15,13.42,11.96,6.19,15.26,11.73,12.44,14.10,12.39,13.31,14.61,6.70,10.77,14.1
CCL4,15.97,9.89,7.09,10.68,13.89,6.42,14.80,13.57,11.80,13.43,15.85,12.53,10.24,14.31,12.46,6.23,16.18,7.20,12.69,12.95
CCL5,19.90,15.47,15.05,18.36,14.92,17.78,18.43,17.33,17.14,17.27,19.71,16.49,14.90,17.89,15.36,16.84,19.05,16.03,16.88,16.8
CCNB2,15.93,17.36,17.38,17.43,18.35,16.75,17.34,16.45,16.41,16.48,15.77,18.84,18.50,17.48,17.66,17.11,17.82,17.25,17.66,17.86
CCR1,12.72,11.35,15.07,13.95,5.96,13.91,13.61,12.40,12.38,11.80,14.09,12.33,6.16,11.87,6.02,10.07,14.64,6.20,11.93,12.1
CCR2,10.67,10.00,7.09,15.04,5.96,6.42,11.79,12.79,11.92,11.69,12.89,14.23,7.16,13.96,6.02,13.13,15.08,12.50,11.41,12.99
CCR4,6.37,9.97,7.09,14.83,5.96,6.42,6.08,7.14,6.54,11.56,6.56,10.36,6.16,11.39,6.02,12.80,5.93,11.49,6.10,5.92
CCR5,16.37,13.02,7.09,16.66,12.79,12.56,16.00,15.72,15.08,14.48,16.76,13.81,11.89,16.44,13.50,13.60,14.91,13.30,14.79,12.81
CCR6,11.76,10.12,11.37,14.05,9.96,12.01,12.01,8.22,13.23,13.61,11.68,12.67,13.13,13.22,13.21,14.11,12.35,11.31,7.10,13.1
CCR7,6.37,8.91,7.09,7.38,5.96,6.42,6.08,6.64,6.54,13.81,14.31,11.09,6.16,12.11,6.02,15.03,14.61,6.20,10.58,5.92
CD14,17.56,16.03,16.28,17.18,13.60,15.50,16.67,16.90,17.22,16.56,16.42,16.84,17.88,17.73,17.85,18.00,17.55,17.33,16.79,17.35
CD160,16.75,12.74,7.09,15.16,5.96,13.30,12.99,11.87,14.96,6.19,16.35,9.64,6.16,14.88,12.73,13.59,14.61,13.03,14.09,5.92
CD163,12.77,12.82,7.09,16.19,6.46,12.78,7.37,13.82,11.51,13.06,13.61,14.47,6.16,14.73,11.46,13.09,15.09,13.11,14.39,5.92
CD19,13.73,12.82,7.09,18.40,13.19,14.47,15.12,14.74,13.15,16.52,14.68,14.11,12.05,16.16,12.12,17.35,14.85,16.56,12.36,5.92
CD1C,11.70,5.45,13.33,13.01,11.77,11.76,8.90,7.64,11.34,10.77,7.56,11.38,11.91,10.84,9.73,12.69,9.75,11.57,6.89,9.33
CD1D,14.22,14.36,13.88,14.62,11.78,12.32,14.05,15.01,13.06,13.01,14.09,15.34,13.66,15.06,13.45,13.54,15.72,14.23,14.87,13.84
CD2,16.07,14.51,7.09,15.51,14.14,12.51,14.56,14.97,14.59,14.61,16.11,13.62,12.14,15.67,9.31,13.91,16.58,13.83,14.69,15.24
CD209,13.51,12.95,7.09,16.70,13.27,6.42,6.87,15.57,14.87,12.32,14.79,15.31,11.87,15.73,14.86,15.22,13.80,14.29,11.25,5.92
CD22,13.67,13.44,11.69,17.45,13.75,13.13,13.92,14.19,14.15,17.40,14.81,14.01,11.00,15.79,14.95,18.50,15.74,14.80,13.63,13.99
CD226,15.29,12.86,7.09,15.99,15.17,6.92,12.25,13.18,11.71,13.83,16.02,12.63,6.16,14.85,12.36,14.88,15.27,13.06,13.86,11.71
CD244,16.34,13.96,15.48,16.44,15.77,13.90,15.27,15.71,14.82,14.43,17.60,14.97,11.77,15.81,12.03,13.68,14.59,6.20,13.88,14.57
CD247,17.41,13.35,7.09,17.21,11.83,15.77,15.72,14.61,13.81,15.85,17.65,15.40,7.16,16.82,13.90,15.89,15.95,15.20,15.79,14.73
CD27,6.37,5.45,12.32,13.00,5.96,6.42,9.98,10.96,6.54,13.37,10.69,6.07,6.16,12.90,6.02,12.55,12.90,6.20,6.60,5.92
CD274,15.54,13.81,7.09,14.29,6.46,6.42,14.45,16.03,14.56,15.11,16.04,14.76,13.98,13.68,14.96,13.75,14.29,13.50,14.08,5.92
CD276,15.22,16.05,16.97,17.53,18.39,18.22,17.17,17.85,16.42,17.34,15.98,16.83,15.95,16.11,16.01,16.50,16.98,16.89,15.87,16.44
CD28,11.39,10.88,14.03,13.74,5.96,6.92,11.82,6.64,11.34,16.31,13.09,11.67,6.16,13.56,11.59,12.38,14.45,6.20,10.38,5.92
CD33,11.59,10.49,14.18,13.38,6.46,7.42,13.57,13.81,6.54,7.35,12.93,12.78,12.48,12.84,7.02,13.24,12.05,12.51,11.04,6.42
CD37,17.85,15.96,16.42,19.20,16.63,16.51,17.84,16.73,16.50,18.43,18.77,16.89,15.60,17.69,16.10,19.18,18.26,16.81,16.06,16.32
CD38,13.78,9.52,7.09,12.58,6.46,6.42,13.40,6.64,6.54,6.19,15.42,12.17,6.16,12.98,11.39,6.23,14.14,6.20,6.10,5.92
CD3D,18.40,14.01,7.09,17.90,12.49,14.83,16.82,15.30,14.52,16.58,18.53,14.87,13.93,16.89,13.21,15.60,17.65,14.93,16.65,16.28
CD3E,18.07,14.83,15.08,18.71,16.32,16.63,17.65,16.10,16.57,17.16,18.51,15.19,13.82,17.47,14.55,16.22,16.85,15.98,16.14,16.04
CD3G,17.65,13.69,14.72,15.48,6.96,6.42,16.54,14.63,15.80,15.46,17.74,13.94,12.95,15.41,12.90,15.04,16.98,14.09,15.22,13.48
CD4,13.66,11.87,7.09,14.85,6.46,6.42,10.71,6.64,12.98,14.87,14.07,12.39,11.23,15.01,7.31,13.65,14.11,12.85,13.17,11.99
CD40,13.57,13.49,14.84,17.05,13.05,14.40,14.39,14.69,14.52,15.97,14.72,13.99,6.95,15.95,12.75,16.55,16.01,14.15,14.93,14.46
CD40LG,10.27,11.64,7.09,11.17,12.06,6.92,6.58,7.43,12.30,13.76,12.90,12.06,6.66,13.59,6.02,6.23,11.70,6.20,6.10,5.92
CD44,9.61,15.37,14.96,9.76,14.30,8.38,14.30,14.81,14.24,12.81,12.39,15.41,14.23,12.01,13.41,13.64,11.57,13.40,11.67,14.97
CD47,18.44,18.10,17.79,17.63,18.88,17.04,18.87,18.71,18.32,18.65,18.47,18.81,18.18,18.67,18.64,18.06,19.02,18.31,18.53,17.97
CD48,15.35,12.28,7.09,12.51,5.96,11.85,14.49,13.58,13.54,15.29,14.31,12.53,9.97,14.69,11.68,13.31,15.44,11.16,12.90,13.02
CD52,18.83,14.68,15.33,18.12,15.41,14.38,17.36,17.23,16.43,18.14,18.45,14.56,11.62,17.25,14.78,17.88,17.95,15.69,16.20,15.78
CD53,10.42,5.45,7.09,6.88,5.96,6.42,11.78,6.64,6.54,9.54,6.56,12.97,6.16,13.02,6.02,14.85,13.58,13.42,6.10,5.92
CD6,16.61,15.59,16.56,20.40,16.42,17.11,16.74,17.16,17.52,16.76,18.00,16.06,13.25,16.87,14.63,15.70,16.37,16.16,14.81,15.41
CD63,22.68,21.43,20.75,19.36,20.59,20.20,21.23,21.49,22.14,21.34,21.84,21.08,21.69,22.53,22.11,21.15,22.19,21.51,22.53,21.99
CD68,21.35,19.70,17.23,15.77,16.72,13.47,18.84,19.54,20.03,18.30,19.84,18.47,18.92,20.01,20.07,17.97,19.68,18.53,20.43,19.86
CD69,15.76,12.89,7.09,6.88,10.43,6.42,14.99,12.11,15.96,12.06,16.40,12.41,12.93,15.83,13.37,13.25,15.85,12.12,14.17,11.68
CD70,11.81,5.45,7.09,6.88,5.96,6.42,12.59,6.64,11.77,11.10,6.56,6.07,6.16,5.61,6.02,12.68,5.93,6.20,10.43,5.92
CD74,17.16,14.30,7.09,15.30,13.37,6.42,15.28,13.52,12.30,14.23,15.56,13.16,13.98,14.15,12.66,14.58,16.68,13.05,14.23,13.72
CD79A,13.08,5.45,7.09,12.78,13.10,11.52,6.58,6.64,6.54,17.89,6.56,6.07,6.16,14.23,12.87,17.10,16.19,10.97,6.10,5.92
CD79B,12.53,9.14,15.48,17.96,12.67,12.13,14.73,14.80,15.09,14.09,13.73,14.33,12.64,15.13,11.21,17.31,11.89,14.92,11.70,13.82
CD80,6.37,8.83,7.09,15.43,12.39,6.92,13.45,11.42,11.21,14.81,12.09,6.07,6.95,14.20,10.63,13.05,12.93,11.43,12.05,5.92
CD83,12.80,11.53,16.25,15.75,11.57,7.21,13.34,6.64,12.58,13.25,12.55,12.18,11.90,13.77,11.63,14.20,13.16,11.46,11.29,12.1
CD86,10.75,11.34,7.09,6.88,6.46,7.71,6.08,11.80,6.54,12.38,6.56,6.07,6.16,11.99,6.02,14.57,5.93,6.20,10.54,5.92
CD8A,17.97,14.15,7.09,15.81,13.98,14.05,16.33,15.33,15.96,13.45,17.48,13.99,13.59,16.27,13.30,14.15,17.19,15.56,15.50,15.6
CD8B,17.11,13.74,7.59,18.48,16.16,17.84,16.66,17.81,15.94,16.21,18.54,15.84,13.26,16.40,14.58,15.76,15.80,16.58,14.10,15.53
CDK1,13.41,16.34,16.30,15.96,16.80,13.01,16.17,12.58,14.40,14.87,14.39,17.83,17.51,15.73,17.31,14.73,16.54,15.52,15.82,17.22
CDKN2A,13.34,5.45,7.09,6.88,5.96,6.42,6.08,10.66,6.54,11.97,13.47,11.12,6.16,9.76,10.27,9.43,10.21,10.15,9.39,5.92
CDKN3,13.22,16.14,16.44,12.65,14.34,12.14,12.26,10.54,13.00,11.94,12.72,14.55,15.22,13.24,14.96,12.86,15.46,14.12,14.46,16.14
CEACAM1,23.99,21.22,19.69,15.84,16.15,19.72,21.39,20.54,22.75,21.16,22.16,20.87,20.36,22.63,22.64,22.00,22.30,21.68,23.61,21.43
CEACAM8,11.10,13.96,7.09,7.38,5.96,6.42,11.05,6.64,6.54,6.19,6.56,12.53,13.51,12.14,12.74,13.80,12.78,6.20,11.82,5.92
CIITA,17.72,15.25,9.29,19.93,14.97,13.00,17.55,16.34,16.55,17.93,18.78,16.85,13.67,17.37,14.13,19.19,18.61,15.03,16.41,15.16
CLEC4C,6.37,5.45,7.09,6.88,5.96,6.42,6.08,6.64,6.54,6.19,6.56,6.07,6.16,5.61,6.02,6.23,5.93,6.20,6.10,5.92
CMKLR1,6.37,5.45,7.09,15.42,5.96,6.42,6.08,11.59,10.63,6.19,9.76,6.07,6.16,10.45,10.30,10.53,5.93,6.20,9.89,11.14
CORO1A,16.86,14.30,7.09,16.82,14.53,14.10,15.70,14.93,14.82,16.47,15.89,13.40,13.91,14.68,13.82,15.27,16.50,12.82,14.64,15.97
CRTAM,13.77,5.45,7.09,6.88,5.96,6.42,6.08,6.64,6.54,6.19,13.42,11.53,6.16,13.67,11.25,12.09,5.93,11.93,11.79,12.43
CSF1R,14.89,14.55,15.53,19.26,15.19,15.67,14.03,15.76,16.35,15.43,16.27,16.67,15.20,16.84,14.27,16.44,15.91,15.40,15.92,12.69
CSF2RB,16.82,16.15,18.43,21.44,15.99,18.26,15.89,18.31,17.20,17.69,17.83,17.86,14.93,17.81,16.53,17.67,15.20,17.56,15.19,16.16
CTAG1B,6.37,5.45,7.09,6.88,5.96,6.42,6.08,6.64,6.54,6.19,6.56,6.07,6.16,5.61,6.02,6.23,5.93,6.20,6.10,5.92
CTAG2,6.37,5.45,7.09,6.88,5.96,6.42,6.08,6.64,6.54,6.19,6.56,6.07,6.16,5.61,6.02,6.23,5.93,6.20,6.10,5.92
CTLA4,6.37,11.07,7.09,7.38,12.23,7.42,6.58,6.64,11.62,14.55,10.58,6.07,10.08,11.74,6.02,12.15,13.36,6.20,6.10,11.68
CTSS,21.92,21.59,20.60,20.09,20.18,19.58,20.45,20.15,21.17,20.42,20.98,20.38,20.45,21.07,20.88,20.51,21.78,20.66,21.69,20.91
CX3CL1,11.36,10.38,12.94,13.86,13.29,13.41,12.13,6.64,12.91,14.20,12.14,13.48,11.67,14.09,12.42,12.78,13.91,10.96,13.54,12.05
CX3CR1,9.03,5.45,7.09,6.88,5.96,6.42,6.08,6.64,6.54,6.19,6.56,6.07,6.16,11.12,6.02,6.23,12.99,6.20,6.10,10.41
CXCL1,15.27,14.61,16.47,19.99,19.56,17.99,17.41,17.10,16.80,19.43,15.78,16.70,15.20,16.16,15.34,15.51,16.13,16.04,13.56,14.47
CXCL10,14.55,5.45,7.09,16.24,5.96,6.42,10.33,12.82,6.54,6.69,14.48,6.07,6.16,11.83,6.02,6.23,15.85,6.20,11.22,5.92
CXCL11,14.42,13.36,7.09,6.88,5.96,6.42,10.99,6.64,6.54,13.97,13.27,10.75,6.16,5.61,6.02,6.23,14.98,6.20,11.67,6.42
CXCL13,6.37,5.45,7.09,7.38,5.96,6.42,12.87,11.88,6.54,15.50,6.56,6.07,6.16,13.56,6.02,16.07,13.02,6.20,10.92,5.92
CXCL8,6.37,12.51,7.09,13.77,12.93,6.92,17.58,6.64,10.97,14.50,6.56,6.07,10.65,12.36,10.77,6.23,5.93,6.20,10.09,5.92
CXCL9,14.52,10.67,7.09,15.91,5.96,6.42,9.51,13.06,6.54,12.72,13.05,6.07,6.16,5.61,6.02,6.23,13.99,6.20,10.55,5.92
CXCR2,6.37,5.45,7.09,11.03,5.96,6.42,14.36,6.64,6.54,6.19,6.56,6.07,6.66,5.61,6.02,6.23,5.93,6.70,6.10,5.92
CXCR3,11.57,8.11,7.09,11.45,5.96,6.42,7.87,8.93,11.68,6.19,11.21,10.24,9.65,8.69,11.30,6.23,5.93,9.91,10.86,9.68
CXCR4,12.77,10.31,7.09,11.28,5.96,13.56,16.62,6.64,12.27,15.90,12.66,10.63,12.86,15.04,6.02,17.45,14.32,12.56,11.10,12.55
CXCR5,6.37,5.45,7.09,13.88,5.96,6.42,13.11,12.19,6.54,14.84,7.06,6.07,6.16,13.25,6.02,15.32,12.73,7.36,6.10,5.92
CXCR6,15.15,12.47,14.02,7.38,6.46,6.42,15.05,13.38,14.35,6.69,14.33,11.26,11.87,14.72,13.51,6.23,16.48,6.20,13.78,5.92
CYBB,17.44,17.62,16.04,18.65,16.92,16.44,17.53,16.62,17.57,17.99,17.52,17.27,16.85,18.69,17.42,17.52,17.22,17.53,17.27,17.36
DDX58,18.29,18.87,18.01,16.87,16.82,18.29,18.20,18.92,18.66,18.01,19.07,19.02,16.79,19.18,18.93,19.55,18.43,18.85,19.79,16.66
DGAT2,13.40,13.31,7.09,12.41,15.14,6.92,14.21,6.64,11.35,6.19,13.16,13.68,6.16,14.23,12.09,10.98,12.29,11.92,11.37,13.07
DMBT1,18.90,16.08,14.13,9.45,16.62,13.98,19.47,15.44,17.20,18.24,17.62,15.87,17.88,16.45,17.75,17.04,22.47,15.81,17.23,18.05
EBI3,12.21,10.70,7.09,15.77,6.96,6.42,10.84,11.60,12.76,6.69,12.79,10.14,6.66,12.83,11.38,13.01,5.93,11.52,10.60,5.92
EFNA4,18.11,17.19,17.10,16.38,17.02,17.19,16.81,17.60,17.56,17.28,18.04,17.67,16.50,17.96,17.91,17.54,17.54,17.81,18.38,17.05
EGFR,20.46,18.98,19.37,18.93,19.30,19.41,18.78,19.70,19.65,19.41,19.70,19.60,18.92,20.23,20.19,19.56,19.57,19.51,20.70,19.05
EGR2,6.37,9.37,7.09,15.89,11.96,12.68,14.42,12.98,13.51,13.28,14.98,10.69,11.00,11.50,13.78,13.10,13.37,11.91,16.15,5.92
EGR3,10.26,5.45,7.09,7.38,13.94,6.42,12.74,6.64,6.54,14.66,12.75,11.39,6.66,12.72,12.14,6.73,12.69,6.20,12.36,5.92
EIF2AK2,19.23,18.55,19.37,19.22,19.33,19.07,19.57,19.33,19.28,19.51,19.71,19.58,18.86,19.80,19.83,19.13,19.35,19.37,19.48,18.75
ENTPD1,15.24,13.89,7.09,16.22,12.14,11.91,14.74,13.46,15.52,15.16,15.95,15.13,11.69,15.41,6.02,15.24,15.60,12.33,15.44,10.95
EOMES,6.37,5.45,7.09,6.88,5.96,6.42,6.08,6.64,6.54,6.19,6.56,12.89,6.16,5.61,6.02,6.23,5.93,6.20,11.41,5.92
FAS,18.79,18.26,19.22,19.32,19.51,19.00,18.72,19.08,19.07,19.32,18.66,19.17,18.45,18.60,18.62,18.87,19.29,19.01,18.98,18.44
FASLG,15.16,13.44,7.09,15.87,12.12,12.88,15.31,13.94,13.18,14.64,17.26,14.57,6.16,14.59,14.98,11.12,14.69,6.20,15.22,13.25
FCER1G,13.40,13.99,14.12,16.71,13.79,12.75,14.74,14.57,13.78,14.72,15.02,14.45,7.16,15.12,13.10,12.97,14.95,14.30,13.36,5.92
FCGR1A,6.37,10.92,7.09,7.38,6.46,6.42,12.27,6.64,6.54,11.63,6.56,6.07,6.16,5.61,6.02,6.23,5.93,6.20,6.10,5.92
FCGR2B,6.37,5.45,7.09,12.60,5.96,12.50,6.08,6.64,12.51,6.19,11.97,11.67,6.16,12.80,6.02,11.87,10.69,6.70,9.59,5.92
FCGR3A,10.68,8.97,7.09,10.84,5.96,6.42,16.18,6.64,10.65,6.19,6.56,6.07,6.16,5.61,6.02,7.52,12.84,6.20,9.61,10.25
FCGR3B,10.64,6.24,7.09,13.37,5.96,6.42,17.01,7.14,6.54,12.39,10.11,6.07,6.16,5.61,6.02,6.23,10.48,6.20,6.10,8.25
FCRLA,6.37,5.45,7.09,6.88,5.96,6.42,6.08,6.64,6.54,12.07,6.56,6.07,6.16,5.61,6.02,16.11,5.93,6.20,6.10,5.92
FOXM1,15.31,17.67,17.69,19.06,19.47,18.46,17.81,17.02,17.67,17.58,17.24,19.49,19.01,18.57,18.03,17.68,17.61,18.81,17.24,18.09
FOXO1,18.21,17.20,17.46,18.30,16.68,18.60,18.27,18.28,18.72,18.99,19.10,18.77,17.86,18.92,19.00,18.80,18.23,18.37,19.52,17.83
FOXP3,8.45,10.85,10.34,15.79,14.00,6.42,6.08,14.06,6.54,6.69,6.56,12.76,11.22,12.66,6.02,10.84,11.59,13.65,12.94,5.92
FUT4,17.76,17.51,19.78,21.96,19.98,21.92,18.87,19.85,20.06,19.06,19.36,19.25,20.54,18.12,19.95,20.80,18.75,19.05,17.92,18.47
FYB,19.00,17.63,18.68,22.03,19.32,19.87,19.26,19.08,19.26,19.76,20.46,19.47,19.15,19.39,18.86,19.67,19.25,20.10,18.51,19.32
G6PD,17.95,18.29,16.18,16.61,16.56,14.89,17.47,16.77,17.19,17.70,16.91,17.21,17.46,17.42,17.43,17.56,17.37,17.09,17.52,16.95
GADD45GIP1,18.66,18.48,18.91,19.54,19.50,19.48,18.24,19.04,18.46,18.76,18.31,18.87,18.85,18.89,18.55,18.30,19.00,17.93,17.62,18.89
"GAGE1,GAGE12I,GAGE12F",12.45,5.45,7.09,6.88,5.96,6.42,6.08,6.64,6.54,6.19,14.69,6.07,6.16,5.61,6.02,6.23,5.93,6.20,6.10,5.92
GAGE10,6.37,5.45,7.09,6.88,5.96,6.42,6.08,6.64,6.54,6.19,6.56,6.07,6.16,5.61,11.94,6.23,5.93,6.70,6.10,5.92
GAGE12J,6.87,5.45,7.09,6.88,5.96,6.42,6.08,6.64,6.54,6.19,6.56,6.07,6.16,5.61,6.02,6.23,5.93,6.20,6.10,5.92
GAGE13,6.37,5.45,7.09,6.88,5.96,6.42,6.08,6.64,6.54,6.19,6.56,6.07,6.16,5.61,6.02,6.23,5.93,6.20,6.10,5.92
"GAGE2C,GAGE2A,GAGE2E",6.37,5.45,7.09,6.88,5.96,6.42,6.08,6.64,6.54,6.19,7.36,6.07,6.16,5.61,6.02,6.73,5.93,6.20,6.10,5.92
GATA3,13.75,11.39,7.09,13.75,6.46,6.42,13.74,13.52,12.18,6.19,14.08,12.78,6.66,13.40,10.25,6.23,13.04,6.70,12.39,10.85
GBP1,19.57,16.27,13.64,17.19,16.67,14.40,17.72,18.15,17.54,17.20,18.90,16.03,15.39,16.82,16.57,15.25,18.35,16.00,17.56,16.47
GNLY,16.94,13.38,14.51,15.75,5.96,16.74,16.13,6.64,17.11,15.71,18.01,14.32,14.59,16.11,13.53,15.92,16.43,13.36,18.00,15.41
GPR18,14.03,11.97,7.09,12.15,5.96,11.31,13.05,12.52,6.54,15.34,14.96,6.57,9.83,13.41,12.34,13.22,13.76,11.32,12.24,12.79
GRAP2,17.32,14.95,15.77,18.00,16.65,15.95,16.81,17.02,16.63,17.00,17.84,15.94,14.77,16.95,14.52,15.01,16.57,15.68,15.41,13.8
GUSB,19.52,19.14,19.12,19.27,19.10,18.95,19.53,19.19,18.95,19.49,19.53,19.73,19.60,19.82,19.55,19.54,19.69,19.59,19.66,19.98
GZMA,18.86,12.51,7.09,8.18,6.96,6.42,15.55,6.64,14.33,14.45,17.86,13.88,11.93,15.96,14.65,11.67,17.53,14.58,16.48,14.34
GZMB,15.71,11.71,7.09,12.95,6.46,15.03,14.38,13.06,11.71,6.19,11.04,6.07,6.16,14.96,11.36,6.23,15.20,6.70,13.62,14.16
GZMH,11.95,8.95,7.59,13.01,5.96,7.21,14.71,6.64,6.54,13.60,7.06,11.73,6.66,13.73,6.02,11.48,13.61,11.99,10.10,5.92
GZMK,10.05,8.33,7.09,6.88,5.96,6.42,6.08,6.64,6.54,13.39,6.56,6.07,6.16,5.61,6.02,6.23,5.93,6.20,6.10,5.92
HAVCR2,15.00,12.54,7.09,15.85,13.49,6.92,13.65,14.07,14.80,14.59,16.60,14.20,12.28,13.91,13.24,14.50,14.40,13.24,14.23,12.88
HERC6,17.04,16.04,16.63,16.41,15.03,15.92,16.59,17.15,16.86,16.71,17.72,16.00,15.93,16.02,16.01,16.52,17.18,16.53,16.80,16.19
HGF,10.89,10.71,7.09,10.84,11.09,6.92,10.12,12.22,12.97,6.19,12.91,12.28,9.52,12.52,6.02,9.39,12.99,12.61,13.86,11.2
HIF1A,18.42,17.77,19.14,19.07,18.84,18.50,19.40,18.86,18.73,19.40,18.44,19.19,18.70,18.96,19.11,18.56,19.24,18.63,18.73,19.09
HLA-A,23.78,22.58,20.28,17.76,19.42,10.57,21.18,10.54,9.60,20.42,21.61,20.37,20.16,19.60,20.57,9.77,22.75,10.56,8.83,21.45
HLA-B,25.10,18.77,14.01,12.78,19.68,12.60,12.34,11.58,12.70,11.77,23.64,17.08,12.99,12.53,21.70,11.44,12.24,11.46,13.06,11.11
HLA-C,24.67,21.70,20.55,17.56,19.06,18.63,19.35,21.03,18.05,19.29,23.02,20.56,20.53,19.76,21.32,21.02,21.54,20.80,20.36,20.59
HLA-DMA,17.27,18.36,17.05,18.72,19.52,15.56,18.03,16.85,16.30,17.04,18.08,19.30,14.95,17.76,19.13,16.67,17.82,15.54,16.28,16.64
HLA-DMB,12.91,5.45,7.09,13.47,5.96,6.42,6.87,6.64,6.54,8.64,12.22,6.07,6.95,12.30,6.02,6.73,7.22,6.20,6.10,7.22
HLA-DOA,12.42,9.36,7.09,12.88,5.96,6.42,6.08,6.64,6.54,13.17,12.41,10.54,6.16,13.19,6.02,14.48,14.77,6.20,10.25,5.92
HLA-DOB,11.12,9.88,7.09,12.27,5.96,14.82,13.99,13.66,11.76,13.23,12.34,10.66,9.72,14.27,6.02,12.37,13.59,6.20,9.89,5.92
HLA-DPA1,15.70,15.96,10.60,18.81,15.54,13.72,15.37,14.59,15.39,16.88,16.15,15.33,13.31,17.62,16.40,17.73,18.00,13.77,15.65,6.72
HLA-DPB1,17.17,15.97,14.97,20.06,16.17,15.53,15.68,16.05,17.05,17.08,17.61,17.01,14.71,17.58,16.59,18.09,17.05,15.96,15.94,15.29
HLA-DQA1,13.44,11.42,8.88,17.39,13.95,9.15,7.08,10.39,11.51,15.21,14.08,13.24,8.11,16.08,12.90,15.46,7.22,12.36,11.07,12.45
HLA-DQA2,9.70,5.45,9.38,10.71,9.78,8.71,6.08,6.64,6.54,6.19,7.06,9.30,6.16,6.90,7.02,11.02,5.93,9.34,6.10,5.92
HLA-DQB2,6.37,5.45,7.09,9.34,5.96,6.42,6.08,6.64,6.54,6.19,7.86,7.66,6.16,5.61,6.02,9.36,5.93,6.20,6.10,5.92
HLA-DRA,18.03,15.38,13.63,19.16,15.20,13.86,16.91,14.85,16.23,17.18,17.98,14.88,13.86,17.25,15.16,17.61,18.06,14.76,15.09,14.29
HLA-DRB1,19.96,16.01,13.50,19.40,17.05,7.58,6.58,18.44,19.75,18.00,19.88,16.76,12.29,18.49,16.07,15.00,7.43,18.80,20.72,16.91
HLA-E,24.12,22.07,21.79,23.64,22.73,23.22,23.56,23.28,22.59,23.07,24.30,22.13,20.26,22.34,22.45,21.40,23.23,22.40,22.59,21.83
HLA-F,18.14,15.92,15.78,15.59,13.70,13.65,17.23,13.83,13.30,15.52,17.31,15.39,14.78,16.00,15.01,16.20,18.04,15.16,14.89,16.01
HLA-F-AS1,12.46,11.65,12.01,15.26,13.09,14.08,12.37,13.34,12.50,14.14,11.97,13.27,13.22,13.12,11.80,12.48,9.43,13.70,10.66,11.32
HLA-G,6.37,5.95,7.09,7.38,5.96,6.42,6.08,6.64,6.54,6.19,7.06,6.07,6.16,5.61,6.02,6.73,5.93,6.20,6.10,5.92
HMBS,16.65,16.79,17.63,17.95,18.07,18.18,17.39,17.26,17.71,18.14,16.97,18.07,18.05,17.91,17.44,16.97,17.24,17.96,16.79,18.35
ICAM1,14.06,5.45,7.09,15.57,5.96,6.42,13.83,7.14,11.28,13.52,15.73,11.64,6.66,13.22,12.63,13.90,16.31,12.53,12.73,11.22
ICOS,12.17,8.24,7.09,6.88,5.96,6.42,10.12,6.64,6.54,13.24,6.56,6.07,6.16,11.21,6.02,9.31,11.67,6.70,10.56,12.35
ICOSLG,16.83,16.58,14.13,15.77,16.42,16.60,16.23,16.68,17.28,16.22,16.96,16.80,15.41,16.51,16.20,16.43,17.03,16.32,18.39,15.93
ID2,19.16,18.75,17.97,16.63,17.54,16.08,17.24,17.34,18.30,18.51,18.34,17.39,17.93,18.61,18.34,17.90,19.31,17.90,19.10,19.46
ID3,18.91,17.91,18.53,17.24,18.00,16.77,16.53,16.51,18.16,17.12,17.59,17.02,17.78,18.31,17.13,17.96,18.91,17.66,18.73,18.09
IDO1,12.27,6.24,13.29,14.50,12.25,13.67,9.71,10.63,11.44,12.85,13.02,12.11,12.97,8.92,10.87,12.85,14.90,11.02,11.80,9.59
IDO2,10.50,9.84,7.09,14.14,5.96,6.42,6.08,12.85,11.35,6.19,11.07,6.07,6.16,11.52,10.45,6.23,11.18,6.20,6.10,5.92
IFI27,22.00,19.20,20.13,17.76,18.44,17.46,20.25,19.71,19.71,19.62,20.63,18.40,18.65,19.87,19.59,19.49,20.89,19.36,20.73,20.15
IFI35,18.96,18.19,18.37,19.00,18.77,19.14,18.71,19.08,18.89,18.58,19.47,18.29,18.36,18.42,18.25,18.63,18.88,18.34,18.34,19.01
IFI44L,14.97,8.77,16.16,14.02,5.96,6.42,13.09,10.59,12.06,14.89,15.13,13.19,6.16,13.48,9.27,10.59,14.15,12.91,13.54,12.83
IFI6,16.27,13.96,18.62,15.13,16.25,7.92,15.81,16.63,13.43,17.15,16.00,15.24,15.49,15.75,15.93,14.18,17.03,14.80,14.37,17.02
IFIH1,17.00,15.91,16.99,14.48,12.81,11.27,15.63,16.19,15.74,15.05,16.12,14.92,15.02,16.32,15.08,16.41,16.95,14.79,17.36,15.79
IFIT1,16.73,12.75,13.14,11.60,5.96,6.42,14.41,14.88,13.59,14.84,15.14,15.06,12.29,15.30,12.95,13.56,15.00,6.20,15.75,13.28
IFIT2,18.64,15.10,16.26,16.59,16.53,14.08,16.97,18.26,16.61,16.72,18.41,15.87,14.64,16.74,15.55,18.20,16.44,14.83,18.31,14.22
IFIT3,18.19,14.75,14.23,7.38,14.08,7.42,15.74,16.57,15.15,16.49,17.23,13.80,14.28,14.68,14.50,13.20,16.13,15.43,15.54,13.66
IFITM1,20.36,19.23,20.73,21.37,19.48,21.12,19.20,19.35,19.70,19.63,19.43,19.09,20.33,18.46,19.26,20.35,19.90,19.24,19.11,19.89
IFITM2,19.00,16.86,21.64,23.26,18.86,20.65,19.17,19.99,21.43,18.11,19.77,19.40,21.42,17.97,19.03,19.95,18.87,19.22,19.15,17.95
IFNA17,17.40,14.53,19.95,21.82,20.09,21.87,18.49,19.59,20.18,18.28,18.80,18.57,19.81,16.79,19.44,20.17,17.49,19.21,17.33,16.89
IFNB1,17.30,14.61,20.01,21.53,19.70,21.54,18.02,18.98,19.62,18.17,18.43,18.32,19.99,16.37,19.08,20.32,17.28,18.75,16.75,16.69
IFNG,12.92,5.45,7.09,6.88,5.96,6.42,10.63,6.64,6.54,6.19,13.29,6.07,6.16,5.61,6.02,6.23,9.92,6.20,10.01,5.92
IGF1R,17.59,18.15,18.08,17.94,17.58,17.14,17.47,18.25,17.94,17.63,17.95,18.66,17.54,17.78,18.96,18.00,17.69,17.69,18.84,17.38
IGSF6,10.91,5.45,7.09,11.97,5.96,6.42,11.92,6.64,11.09,6.19,6.56,12.42,6.16,12.61,6.02,13.72,12.92,6.20,10.69,5.92
IKZF1,17.84,16.61,16.77,20.95,16.98,18.82,17.98,18.34,17.82,18.34,19.71,17.76,15.49,18.49,15.93,18.09,17.65,17.45,16.40,16.44
IKZF2,17.89,16.19,17.00,16.25,14.79,16.52,16.95,15.25,17.57,16.82,18.12,16.20,14.50,17.04,16.60,16.79,17.42,16.31,17.71,16.15
IKZF3,16.22,12.88,7.09,15.31,13.59,6.92,15.38,15.16,12.22,16.03,17.06,14.06,12.78,15.91,12.82,16.04,15.23,11.83,13.93,14.87
IKZF4,13.80,13.10,14.33,14.19,13.66,13.04,13.52,13.37,10.90,14.29,14.39,13.53,13.87,13.05,12.63,15.24,14.10,14.87,12.41,12.01
IL10,10.28,9.20,7.09,13.32,5.96,12.06,6.08,10.13,6.54,7.77,12.29,9.98,11.77,12.61,11.39,9.68,5.93,10.93,6.10,5.92
IL10RA,16.29,14.34,14.49,18.98,13.46,17.27,16.51,16.55,16.13,16.50,17.04,15.89,13.37,17.17,14.23,16.19,15.88,15.94,15.49,14.92
IL12A,13.90,13.27,7.09,14.31,14.97,14.23,10.97,13.70,14.94,15.20,14.47,14.79,14.46,14.90,14.00,12.07,14.02,13.71,14.63,13.05
IL12B,6.37,5.45,7.09,6.88,5.96,6.42,6.08,6.64,6.54,6.19,6.56,6.07,6.16,5.61,9.86,6.23,5.93,6.20,6.10,5.92
IL13,6.87,5.95,9.04,14.28,8.62,9.99,6.08,7.43,7.54,7.69,7.06,7.37,8.25,6.11,7.81,8.23,5.93,6.20,11.14,7.22
IL15,17.98,16.81,16.33,14.44,16.24,15.60,17.63,16.87,17.00,15.98,18.40,17.10,15.49,16.31,17.12,17.09,17.87,17.29,18.60,15.43
IL17A,6.37,5.45,7.09,6.88,5.96,6.42,6.08,6.64,12.88,6.19,6.56,6.07,6.16,5.61,6.02,6.23,5.93,6.20,6.10,5.92
IL17F,6.37,5.45,7.09,6.88,5.96,6.42,6.08,6.64,6.54,6.19,6.56,6.07,6.16,5.61,11.95,6.23,5.93,6.20,6.10,5.92
IL18,20.71,20.86,21.01,18.22,20.34,20.28,20.75,20.36,20.92,21.33,20.86,20.29,19.10,20.39,20.22,19.75,20.73,19.80,20.75,20.01
IL1A,6.37,9.62,7.09,6.88,5.96,6.42,6.08,6.64,10.43,10.75,6.56,6.07,6.16,5.61,6.02,6.23,5.93,6.20,9.74,5.92
IL1B,10.50,9.91,7.09,13.52,13.24,14.30,14.76,11.70,14.93,15.78,6.56,9.93,12.22,13.00,11.57,13.13,11.26,12.22,12.17,14.82
IL2,8.66,9.62,7.09,11.86,10.08,6.42,9.53,6.64,6.54,8.14,6.56,6.07,6.16,9.79,8.52,6.73,5.93,6.20,6.10,5.92
IL21,6.37,5.45,7.09,6.88,5.96,6.42,6.08,6.64,6.54,6.19,6.56,6.07,6.16,5.61,6.02,6.23,5.93,6.20,6.10,5.92
IL22,7.53,5.95,10.54,11.21,9.70,12.06,7.58,9.09,9.99,7.98,8.23,8.60,10.47,6.61,8.90,10.22,7.43,9.02,6.60,7.72
IL23A,9.87,5.45,10.91,12.38,13.88,8.42,6.08,7.14,6.54,8.38,7.06,10.11,10.51,10.85,6.81,11.81,7.72,11.54,9.96,7.72
IL2RA,10.30,11.63,7.09,15.62,5.96,6.42,12.70,7.14,13.30,13.94,12.25,11.31,6.16,14.47,13.24,13.31,11.43,12.66,11.70,5.92
IL2RB,17.07,14.70,15.89,16.55,15.99,18.74,16.88,16.33,16.31,16.92,18.50,15.21,13.17,16.56,15.31,14.94,16.68,15.52,15.57,15.14
IL2RG,20.47,18.19,17.80,18.26,16.23,18.39,19.30,18.70,19.70,17.93,19.56,18.55,17.08,18.94,19.12,19.60,19.30,18.15,19.74,17.43
IL3RA,16.79,15.35,7.09,14.92,12.53,6.92,16.56,12.18,16.64,15.05,17.39,15.68,14.24,15.09,15.27,15.88,14.97,15.74,17.04,15.34
IL4,6.37,5.45,7.09,6.88,5.96,6.42,6.08,6.64,6.54,6.19,6.56,6.07,6.16,5.61,6.02,6.23,5.93,6.20,6.10,5.92
IL6,6.37,5.45,7.09,13.17,5.96,6.42,12.00,6.64,12.89,13.77,6.56,6.07,6.16,5.61,6.02,6.23,11.14,6.20,10.24,5.92
IL7,18.49,17.87,17.44,16.77,17.46,17.08,17.71,17.73,18.62,17.80,18.54,17.94,17.37,18.07,18.00,17.66,18.81,17.88,18.90,18.03
IL7R,14.97,12.45,7.09,16.40,14.91,11.01,14.49,14.47,14.86,16.37,16.77,11.84,12.17,16.68,13.92,14.57,15.85,6.20,10.83,12.48
IRF1,21.68,19.01,18.36,18.45,18.74,18.58,19.59,20.44,20.24,20.29,21.31,19.00,17.87,19.44,20.03,18.88,20.35,19.34,20.88,19.07
IRF4,14.66,14.64,16.63,18.32,13.94,16.04,14.84,14.92,15.44,15.09,15.00,15.95,13.30,15.85,13.17,15.82,15.86,15.58,14.73,14.77
IRF9,20.59,18.33,19.58,18.67,18.61,19.27,20.19,19.65,19.91,19.63,21.17,18.96,18.95,19.51,19.14,19.24,20.22,19.41,20.02,19
IRS1,14.31,12.44,14.55,13.92,13.94,12.58,7.37,14.85,14.24,16.10,14.34,14.56,13.23,14.32,14.89,14.65,14.43,11.56,14.44,13.58
ISG15,19.38,16.52,17.95,15.55,13.82,14.05,17.17,17.17,17.08,17.76,17.95,15.95,15.29,17.13,15.38,16.25,18.04,16.21,17.55,17.21
ISG20,19.75,17.94,16.85,18.23,16.37,18.36,19.37,18.98,19.18,18.66,19.58,17.84,16.33,19.28,19.27,17.69,19.48,17.87,19.35,18.43
ITGA1,19.44,18.20,19.40,20.40,20.05,19.13,19.54,19.40,19.69,19.82,20.59,19.95,18.53,19.71,18.99,19.17,19.30,19.72,19.39,19.05
ITGAE,16.49,15.15,15.36,16.20,15.65,16.09,16.53,15.84,15.51,16.08,17.78,15.84,15.92,16.66,16.70,16.47,16.26,15.52,16.07,16.07
ITGAL,17.61,15.11,15.28,18.43,16.09,16.06,17.85,16.93,16.30,16.94,17.98,15.97,14.39,17.72,14.38,17.28,17.54,17.02,15.87,15.04
ITGAM,12.56,14.01,15.91,18.38,15.46,14.41,14.96,15.11,14.63,14.96,13.89,15.23,11.15,15.55,12.71,15.12,13.14,15.31,14.17,11.92
ITGAX,13.33,13.40,10.40,18.26,11.78,12.89,15.65,12.44,13.87,14.77,12.53,13.22,11.36,14.45,12.62,14.47,14.72,14.09,14.41,12.44
ITGB1,20.58,20.16,19.63,19.00,19.43,19.49,20.03,19.80,20.05,20.06,19.98,19.95,19.34,20.21,20.08,19.98,20.73,19.91,20.85,20.05
ITGB2,14.11,13.27,9.54,15.45,13.97,8.21,14.28,11.57,14.48,15.77,14.30,12.08,6.95,14.76,11.63,15.02,15.76,13.59,14.00,13.03
ITGB7,16.54,13.90,9.38,16.84,14.42,9.12,15.58,15.59,13.81,16.43,17.86,14.38,14.51,16.14,14.81,15.40,16.16,14.82,14.33,13.38
ITK,15.99,13.86,7.09,16.46,14.03,15.18,15.64,15.95,15.13,15.69,17.06,14.12,12.76,16.38,12.14,14.88,16.20,13.30,13.51,14.59
JAML,14.78,10.36,7.09,7.38,6.46,12.50,13.51,11.97,13.39,12.14,12.74,12.79,6.16,14.05,11.36,13.02,14.95,12.65,6.10,5.92
JCHAIN,16.09,14.85,16.80,18.00,14.71,15.19,14.17,15.11,14.12,14.89,15.38,16.19,11.71,17.15,15.38,16.22,20.82,15.27,14.18,14.06
KIAA0101,15.72,17.01,16.80,16.80,16.68,15.95,17.01,15.47,15.24,16.81,15.99,17.84,17.90,16.62,16.28,15.52,17.01,16.79,15.85,18.43
KIR2DL1,6.37,5.45,7.09,6.88,5.96,6.42,6.08,6.64,6.54,6.19,6.56,6.07,6.16,5.61,6.02,6.23,5.93,6.20,6.10,5.92
KIR2DL2,6.37,5.45,7.09,6.88,5.96,6.42,6.08,6.64,6.54,6.19,6.56,6.07,6.16,5.61,6.02,6.23,5.93,6.20,6.10,5.92
KIR2DL3,10.15,5.45,7.09,6.88,5.96,6.42,6.08,6.64,6.54,6.19,6.56,6.07,6.16,12.19,6.02,6.23,5.93,6.20,6.10,5.92
KLF2,16.39,15.92,7.09,15.78,10.91,15.86,17.09,15.66,17.27,16.64,16.90,15.68,14.72,16.40,15.74,14.87,15.21,15.58,16.38,16.52
KLRB1,15.66,11.94,16.56,13.66,12.80,6.42,15.40,13.36,14.49,14.73,14.79,11.56,12.93,15.99,12.17,11.80,18.03,13.71,11.12,14.21
KLRD1,16.55,12.41,7.09,15.97,6.46,15.27,15.28,14.98,15.17,14.87,16.88,12.79,13.32,15.76,12.38,14.53,16.29,14.25,15.10,14.27
KLRF1,9.06,5.45,7.09,13.15,5.96,6.42,6.08,6.64,11.57,6.19,6.56,6.07,6.16,5.61,10.18,6.23,10.43,6.20,6.10,5.92
KLRG1,12.72,14.34,7.09,16.88,14.08,6.42,14.96,14.10,14.50,15.33,15.33,14.72,6.66,16.02,12.12,14.65,15.89,11.55,12.01,11.48
KLRK1,18.77,15.21,14.98,17.38,14.01,15.89,18.53,16.58,17.41,17.28,19.50,16.66,14.40,18.14,16.33,16.85,18.08,16.11,17.26,17.02
KREMEN1,16.54,16.77,18.12,17.39,17.99,18.04,16.79,17.03,17.06,17.09,17.15,17.56,16.47,16.68,16.89,16.52,17.17,17.17,16.30,16.36
KRT5,9.36,5.45,12.32,14.85,10.13,10.67,7.08,7.14,8.12,9.75,6.56,10.24,10.86,6.90,8.47,10.27,8.84,10.24,6.10,8.12
KRT7,13.46,9.64,7.09,15.52,14.17,14.66,13.93,14.89,6.54,12.14,11.84,13.50,12.90,14.60,13.73,13.41,11.39,14.38,13.01,11.91
LAG3,15.49,13.29,7.09,16.57,15.02,13.05,15.38,15.95,14.87,14.89,17.19,15.67,15.22,14.02,12.44,15.40,15.95,15.26,14.81,12.76
LAMP1,19.34,18.79,17.46,16.51,17.41,17.01,17.93,17.67,18.12,17.57,18.17,17.68,18.06,18.41,18.44,17.81,18.69,17.85,18.30,17.91
LAMP3,6.37,10.82,7.09,14.37,11.53,12.63,6.08,6.64,6.54,6.19,6.56,10.35,6.16,13.12,6.02,6.23,12.67,13.10,6.10,5.92
LAPTM5,17.21,14.71,7.59,18.80,14.93,12.84,17.17,16.51,16.67,17.00,17.57,15.30,13.27,17.21,13.64,17.69,17.22,15.62,14.90,15.44
LCK,10.64,6.74,14.21,14.25,14.13,14.69,12.34,12.32,12.24,13.09,10.55,14.95,13.96,9.22,12.43,13.22,11.63,13.64,10.44,11.07
LCN2,17.96,19.33,16.35,16.35,18.96,15.65,19.93,14.82,16.84,19.19,16.70,16.39,17.22,16.35,16.97,15.53,19.67,13.46,17.46,18.82
LEXM,16.63,15.95,17.44,14.47,16.12,17.55,16.17,17.47,18.19,16.00,18.03,17.01,16.68,17.52,16.44,16.60,17.16,17.53,17.99,16.07
LILRB1,14.59,13.90,14.10,18.69,14.96,16.14,14.73,16.19,15.88,14.83,16.35,15.17,13.43,16.15,14.47,15.48,15.11,15.09,14.84,14.87
LILRB2,9.61,11.05,15.06,16.13,6.46,6.42,11.23,13.24,11.53,6.19,13.56,6.07,11.60,13.85,6.02,10.95,13.30,6.99,10.30,5.92
LMNA,21.67,21.81,21.79,21.78,21.84,22.27,22.11,21.99,21.84,21.88,21.94,22.12,21.77,22.00,21.76,21.75,21.84,21.80,22.07,21.77
LRG1,17.33,17.48,15.55,6.88,13.71,6.92,16.17,14.04,16.03,16.05,14.58,15.33,15.33,16.46,14.30,15.86,17.68,14.26,16.80,16.67
LRP1,21.53,21.26,21.30,21.19,21.65,21.29,21.62,21.79,21.66,21.75,22.14,21.16,20.84,21.94,21.93,21.85,21.45,21.39,22.19,21.03
LST1,11.67,10.04,7.59,15.20,6.46,6.42,14.15,11.03,12.77,12.36,13.55,12.11,6.16,12.17,6.02,12.22,12.73,6.70,11.12,5.92
LY9,14.03,10.52,7.09,15.73,5.96,12.58,13.40,7.14,12.68,14.33,13.20,11.46,11.79,14.38,6.02,14.42,12.53,11.48,11.23,5.92
LYZ,16.65,17.11,17.96,18.79,20.02,18.33,18.00,23.58,17.04,19.32,18.07,15.83,16.76,18.13,17.98,15.46,18.00,18.79,14.97,21.98
M6PR,18.92,19.12,18.59,19.16,18.33,17.75,18.95,18.59,18.04,19.09,18.84,19.11,19.02,18.72,18.69,18.76,19.28,18.51,18.80,19.07
MAD2L1,17.54,15.93,20.35,21.64,19.80,21.73,18.06,19.01,19.86,18.37,18.59,19.48,20.20,16.63,19.77,21.07,17.98,18.75,17.62,17.66
MADCAM1,6.37,9.68,7.09,15.05,5.96,6.92,6.08,6.64,6.54,12.76,13.67,11.57,6.16,5.61,10.96,6.23,10.84,12.11,10.09,11.68
MAGEA1,6.37,5.45,7.09,6.88,5.96,6.42,6.08,6.64,6.54,6.19,6.56,6.07,6.16,5.61,6.02,6.23,5.93,6.20,6.10,5.92
MAGEA10,6.87,5.45,8.09,8.68,8.04,10.48,7.08,7.64,8.70,6.98,7.56,7.07,9.05,6.11,7.02,7.73,6.93,6.20,6.60,7.22
MAGEA12,6.37,5.45,7.09,6.88,5.96,6.42,6.08,6.64,6.54,6.19,6.56,6.07,6.16,5.61,6.02,6.23,5.93,6.20,6.10,5.92
MAGEA3,6.37,5.45,7.09,6.88,5.96,6.42,6.08,6.64,6.54,6.19,6.56,6.07,6.16,5.61,6.02,6.23,5.93,6.20,6.10,5.92
MAGEA4,6.37,5.45,7.09,6.88,5.96,6.42,6.08,6.64,6.54,6.19,6.56,6.07,6.16,5.61,6.02,6.23,5.93,6.20,6.10,5.92
MAGEC2,6.37,5.45,7.09,6.88,5.96,6.42,6.08,6.64,6.54,6.19,6.56,6.07,6.16,5.61,6.02,6.23,5.93,6.20,6.10,5.92
MAPK1,19.79,19.14,18.12,15.91,17.14,16.20,18.39,18.12,18.54,18.21,18.68,18.14,19.07,19.13,19.15,18.37,19.69,18.52,19.61,19.2
MAPK14,19.95,19.09,19.62,18.49,19.78,19.06,19.58,19.83,19.80,19.14,20.37,19.82,19.12,20.08,20.25,20.01,19.51,19.74,20.46,19.46
MELK,15.66,17.14,17.62,19.24,19.81,17.92,18.20,17.73,18.13,18.25,17.93,19.90,19.13,18.70,18.87,17.89,17.62,19.03,17.92,18.02
MIF,18.44,20.90,17.22,16.76,19.23,16.96,19.09,17.99,18.32,17.78,17.36,18.97,18.82,17.99,18.99,18.09,19.60,17.22,18.91,19.87
MKI67,16.31,17.78,18.57,16.63,19.39,17.20,17.46,18.04,16.61,17.85,16.80,18.23,18.03,18.24,17.53,16.08,17.88,17.89,16.45,18.02
MLANA,6.37,5.45,7.09,6.88,5.96,6.42,6.08,6.64,6.54,6.19,6.56,6.07,6.16,5.61,6.02,6.23,5.93,6.20,6.10,5.92
MMP2,12.25,14.87,14.12,15.66,13.09,12.74,13.80,13.75,14.70,15.14,13.27,15.40,11.64,15.27,10.78,14.81,16.35,12.02,14.42,12.88
MMP9,10.51,6.61,13.48,14.72,11.26,13.27,11.52,9.52,11.32,10.77,9.73,10.12,12.92,8.06,10.56,12.87,13.26,9.87,8.76,9.78
MPO,6.37,5.45,7.09,13.79,5.96,6.42,6.08,6.64,6.54,6.19,6.56,6.07,6.16,5.61,6.02,6.23,5.93,6.20,6.10,5.92
MRC1,16.89,15.03,15.10,16.64,14.03,14.66,16.08,17.00,15.59,14.49,17.48,16.80,15.98,16.42,15.27,17.49,15.72,16.47,17.12,15.02
MS4A1,6.37,5.45,7.09,12.59,5.96,6.42,6.08,7.14,6.54,15.78,6.56,6.07,6.16,13.94,6.02,16.61,12.87,6.20,6.10,5.92
MTOR,18.57,18.53,18.22,18.41,18.86,17.41,18.76,18.74,18.39,19.02,18.97,19.34,18.65,19.34,19.10,18.20,18.84,18.96,19.04,18.55
MX1,19.98,17.58,18.69,19.24,17.85,19.37,19.52,18.94,18.62,19.99,20.13,19.09,17.89,18.71,18.36,19.16,19.64,19.05,18.72,18.48
MYC,16.78,19.13,18.54,19.22,20.18,19.05,19.04,18.67,17.84,19.32,17.31,19.67,18.22,17.16,18.01,18.12,18.24,18.67,17.13,18.1
NCAM1,14.76,14.18,16.85,18.82,17.47,16.54,16.63,16.88,17.39,17.03,16.46,16.59,14.69,15.87,15.40,16.54,15.86,17.02,15.50,15.26
NCF1,17.86,17.87,19.69,23.62,18.82,20.00,19.64,20.47,19.02,19.37,19.57,19.25,16.71,19.22,18.67,20.26,18.19,19.52,17.11,17.56
NCR1,11.04,11.45,7.09,6.88,5.96,11.17,11.14,6.64,6.54,6.69,14.52,9.14,10.00,13.13,10.94,7.02,13.82,6.20,12.67,5.92
NCR3,11.30,5.45,7.09,6.88,5.96,6.42,6.08,6.64,11.10,6.19,11.26,6.07,6.16,12.61,6.02,9.23,5.93,6.20,6.10,5.92
NECTIN2,19.43,17.32,15.61,14.25,14.61,14.03,17.44,17.04,17.44,16.26,18.07,16.92,16.90,17.98,18.06,17.16,18.43,17.04,18.16,17.4
NFATC1,13.15,5.45,7.09,6.88,5.96,6.42,6.08,6.64,10.72,12.40,6.56,11.21,6.16,10.04,6.02,9.81,5.93,6.70,11.27,5.92
NFKBIA,20.37,18.97,18.80,19.78,19.00,20.27,19.65,19.58,19.99,19.60,20.87,19.66,18.84,20.01,20.08,20.21,19.86,19.50,20.17,19.25
NKG7,17.39,13.54,11.84,16.01,13.74,14.21,16.22,16.09,14.59,13.82,17.83,14.58,14.04,15.61,15.00,14.47,16.74,13.67,15.63,15.08
NOS2,16.26,18.28,18.22,17.92,19.34,16.28,17.33,18.27,17.98,17.75,16.72,19.12,16.62,17.90,16.77,13.62,17.32,16.45,17.14,17.97
NOTCH3,14.58,13.95,16.01,19.15,14.21,16.68,14.20,17.02,16.32,14.18,14.49,16.26,12.83,16.02,14.53,15.83,15.44,14.67,16.71,15.21
NRP1,16.17,16.10,16.36,19.42,15.98,17.76,16.63,17.09,17.58,17.32,17.39,18.33,16.79,18.25,17.30,17.32,17.17,18.22,17.36,16.82
NT5E,18.15,17.80,15.80,16.28,16.29,14.21,16.54,17.55,17.35,16.30,16.49,17.25,16.19,17.96,18.71,17.18,18.49,17.45,18.25,16.69
NTN3,7.37,5.95,9.99,8.18,8.36,9.83,6.08,7.93,10.92,7.35,7.73,7.74,10.65,6.61,7.81,7.52,7.22,6.70,11.59,5.92
OAS1,21.66,20.37,18.47,17.24,18.21,19.41,20.19,20.21,21.29,20.00,21.14,20.33,19.09,21.28,21.02,20.20,20.52,19.91,21.75,19.59
OAS2,15.81,12.90,7.09,13.80,5.96,7.83,14.23,14.13,12.91,16.87,15.89,14.05,12.35,14.90,10.63,16.04,15.50,13.79,14.87,14.07
OAS3,18.72,17.54,17.92,17.93,17.52,16.72,17.54,18.89,18.09,18.83,19.32,18.72,18.10,18.71,18.68,17.99,18.64,18.32,18.71,18.21
PDCD1,11.07,5.45,7.09,13.54,10.79,11.80,10.77,12.88,10.78,11.74,7.06,10.07,6.16,6.11,6.02,10.15,5.93,9.84,9.26,5.92
PDCD1LG2,11.57,9.18,7.09,7.38,5.96,6.42,12.81,6.64,6.54,6.19,6.56,6.07,6.16,10.72,6.02,9.86,12.80,6.20,11.43,5.92
PECAM1,18.49,16.11,21.46,22.88,20.04,23.21,19.35,19.87,21.52,18.97,20.18,19.87,21.27,16.79,19.85,21.35,18.76,19.74,17.78,17.08
PGF,10.76,10.68,7.09,15.44,14.04,11.88,10.83,6.64,13.02,13.16,13.24,12.41,12.53,13.43,12.03,12.78,13.77,14.25,14.03,13.58
PIK3CA,17.80,16.87,17.53,16.89,17.31,16.98,17.33,16.93,17.32,17.07,17.40,17.77,17.22,17.79,17.86,17.03,17.59,17.55,17.56,17.21
PIK3CD,16.98,14.82,13.47,17.79,13.00,16.13,16.40,16.38,16.01,16.02,17.78,14.53,14.43,16.34,13.66,15.97,16.51,14.85,15.33,13.8
PMEL,14.52,14.24,14.90,13.85,14.65,14.74,14.64,14.02,14.44,13.20,14.95,15.34,15.07,13.81,14.06,16.01,14.49,15.94,14.82,13.78
POLR2A,20.53,20.39,21.23,20.74,21.18,21.10,20.77,21.06,20.76,20.39,21.22,19.82,19.93,20.15,20.27,20.32,20.75,20.47,21.39,20.05
POU2AF1,15.94,15.76,15.09,19.68,14.54,16.67,16.05,17.01,16.07,17.00,15.42,17.06,15.12,17.67,15.46,17.39,16.55,17.45,15.41,14.91
PRDM1,15.64,14.20,7.09,16.00,7.46,12.58,16.10,14.12,15.59,14.57,16.73,15.74,11.12,15.94,16.28,15.89,16.82,13.14,17.07,14.58
PRF1,14.90,5.45,7.09,12.87,5.96,10.85,12.94,12.39,12.25,11.75,13.07,10.15,8.75,11.96,13.01,6.23,13.69,8.60,12.91,12.19
PSMB9,20.15,17.53,17.83,18.97,18.33,17.82,19.33,19.05,18.21,18.76,20.29,17.96,16.83,18.18,18.07,18.13,19.38,18.34,18.11,17.76
PTEN,19.47,18.63,20.28,20.80,19.46,20.72,18.28,19.04,19.57,18.75,18.84,18.65,19.25,18.88,19.50,19.68,19.71,19.24,19.22,19.01
PTGS2,9.38,10.64,7.09,13.66,5.96,6.42,14.17,13.84,12.44,13.34,6.56,10.63,11.70,10.84,11.88,12.46,12.68,10.82,13.13,5.92
PTK7,14.74,15.41,16.98,17.80,18.70,17.90,15.56,15.54,16.51,17.12,15.23,17.63,16.86,16.46,15.98,16.46,16.96,17.28,16.40,16.71
PTPN11,18.38,18.38,18.98,19.57,19.26,19.79,19.00,18.80,18.86,18.98,18.69,19.31,19.23,18.79,19.16,19.48,18.73,18.71,18.75,18.65
PTPN6,19.64,19.20,20.05,20.20,20.56,21.25,20.04,20.84,20.32,20.12,21.33,20.69,19.23,20.25,20.45,16.92,20.01,20.46,19.94,19.38
PTPN7,16.94,15.21,16.18,21.17,19.89,18.39,17.69,18.40,17.98,17.70,19.04,17.43,14.45,17.54,16.36,16.96,17.39,16.72,16.39,16.07
PTPRC,15.06,13.37,13.93,17.84,13.28,14.69,15.50,13.93,14.41,17.26,16.30,13.14,12.29,15.01,11.90,16.93,15.12,14.68,12.95,13.23
PTPRCAP,10.97,5.45,15.30,6.88,5.96,6.42,11.78,11.17,12.33,10.39,10.73,9.76,10.85,11.72,11.46,11.49,12.10,10.76,12.88,13
PVR,19.36,18.85,19.82,19.36,20.53,20.35,19.78,19.80,20.21,19.60,19.96,20.30,19.56,20.13,20.15,20.21,19.48,20.39,20.60,19.55
PYGL,18.70,17.94,19.72,20.73,21.40,20.23,20.46,19.62,19.66,21.07,20.05,20.08,18.32,19.50,19.83,19.11,19.43,19.47,18.41,18.97
RB1,17.85,17.18,17.51,17.65,17.55,16.96,17.06,16.43,17.64,17.37,17.73,17.71,17.29,17.28,17.62,17.24,17.15,16.70,17.43,17.12
RORC,16.95,17.17,17.95,17.56,18.05,18.18,18.01,18.48,17.69,17.66,16.71,17.95,17.15,17.36,17.28,17.84,18.00,18.37,17.39,17.56
RPS6,20.81,21.62,20.35,19.21,20.75,18.45,20.59,20.22,19.95,20.47,20.00,21.26,22.21,21.69,21.82,19.98,22.13,19.94,20.46,22.83
S100A8,8.03,8.62,12.18,16.91,9.29,10.33,14.54,13.68,8.20,8.19,7.56,9.14,10.37,6.11,7.97,10.81,12.76,11.14,6.10,7.59
S100A9,6.37,9.65,7.59,16.68,12.08,6.92,15.70,13.36,7.04,11.67,7.06,6.07,6.95,9.04,9.04,6.23,12.80,12.37,6.10,10.9
SAMHD1,16.45,14.95,14.51,17.36,14.79,14.61,14.14,14.95,14.01,15.27,16.26,14.34,14.44,16.36,14.41,14.55,17.00,15.11,15.58,15.59
SDHA,21.03,21.02,19.33,19.18,19.26,18.75,19.81,19.91,19.77,19.71,19.86,19.83,20.15,20.16,19.94,19.72,20.80,19.90,20.35,20.22
SELL,7.16,7.54,7.09,9.54,5.96,6.92,8.03,8.59,6.54,10.79,10.37,6.07,7.95,7.69,8.18,11.08,8.95,7.99,6.10,5.92
SH2D1A,11.88,11.07,7.09,14.40,13.10,6.92,10.46,6.64,12.49,11.82,12.99,11.59,6.66,13.56,10.44,12.15,5.93,6.20,11.34,5.92
SH2D1B,13.88,12.86,7.09,10.26,6.75,14.63,14.27,6.64,14.25,13.97,15.01,13.50,11.95,15.16,13.93,13.77,12.47,11.24,14.90,5.92
SIT1,14.25,11.90,7.09,7.38,9.54,6.92,12.29,10.89,12.29,12.69,13.42,12.51,12.73,12.64,6.52,14.24,12.60,12.81,13.28,5.92
SKAP2,18.41,18.00,17.07,15.98,16.80,15.87,17.24,17.23,17.93,16.60,17.69,18.41,17.56,17.45,17.98,17.68,18.64,17.92,18.90,17.8
SLAMF7,15.02,13.54,13.74,15.67,15.42,12.75,15.55,14.02,14.31,14.37,16.88,14.90,12.95,16.27,14.69,16.06,16.38,15.78,14.46,13.32
SLAMF8,14.05,12.90,7.09,16.41,13.06,6.42,10.94,12.11,14.52,14.65,12.79,6.07,7.16,14.62,11.08,11.62,13.42,7.20,6.10,13.37
SNAI1,9.32,11.82,7.09,6.88,9.81,6.42,11.14,11.72,6.54,6.19,11.49,11.94,6.16,11.64,6.02,11.05,13.23,11.26,6.10,11.69
SNAI2,11.02,8.83,7.09,13.89,5.96,6.42,6.08,7.14,12.63,10.04,11.23,13.92,6.16,13.49,11.68,12.99,14.24,13.44,12.94,5.92
SRGN,15.98,11.43,14.47,17.66,14.82,12.44,15.56,13.43,15.10,15.01,16.15,14.04,11.57,15.73,13.42,14.40,15.63,14.85,15.31,13.2
SSX2,6.37,5.45,7.09,6.88,5.96,6.42,6.08,6.64,6.54,6.19,6.56,6.07,6.16,5.61,6.02,6.23,5.93,6.20,6.10,5.92
STAT1,21.22,19.51,19.26,19.89,19.36,19.22,20.18,20.18,19.99,20.11,21.47,19.85,19.59,19.64,19.73,19.74,20.24,19.57,20.05,19.39
STAT3,20.91,19.78,19.34,19.83,20.38,19.76,20.92,20.64,20.36,20.42,21.09,19.90,19.75,20.18,20.36,19.75,20.88,20.32,20.41,19.95
STAT4,15.72,13.70,7.09,16.99,14.30,13.59,14.16,14.92,14.84,15.26,16.19,14.53,12.46,15.02,12.50,14.49,15.33,14.24,15.21,14.5
STAT5A,17.77,17.44,18.27,19.51,19.48,19.12,18.54,18.61,18.49,18.72,19.10,18.54,18.23,18.14,17.89,18.62,18.15,18.52,18.29,17.74
STAT6,21.11,20.85,20.40,20.46,20.64,20.68,21.61,21.48,21.13,20.71,21.94,20.99,20.32,21.65,22.03,21.70,21.09,21.18,21.94,19.75
TAGAP,15.78,11.97,7.09,16.31,13.98,6.42,14.89,14.09,14.80,14.26,14.27,13.21,12.95,14.97,12.96,14.95,15.14,11.92,14.27,5.92
TAP1,21.19,18.50,17.82,17.36,17.49,16.68,19.76,19.31,19.01,18.80,20.50,18.46,17.93,18.79,18.81,18.66,20.07,18.60,19.34,18.16
TARP,17.88,13.89,8.38,14.82,14.85,16.36,17.20,15.45,16.71,15.30,18.69,15.74,14.56,16.97,14.13,15.85,16.82,15.76,16.38,15.08
TBP,18.30,17.75,17.99,16.65,17.29,17.10,17.78,17.50,18.01,17.54,17.76,18.27,17.79,18.33,18.19,17.86,18.17,18.00,18.62,18.25
TBX21,14.40,12.38,7.09,15.76,13.92,15.17,15.70,13.82,14.12,14.87,16.22,11.32,6.66,15.41,14.43,13.45,15.01,14.73,14.03,5.92
TCF7,15.24,15.92,17.43,18.65,17.59,17.21,15.57,17.07,15.66,16.76,16.08,16.25,16.07,15.86,14.94,16.04,14.54,15.85,13.95,15.12
TDO2,6.37,5.45,7.09,12.82,5.96,6.42,6.08,6.64,7.04,6.19,10.48,13.56,6.16,12.73,6.02,6.23,10.95,12.97,10.73,12.28
TFRC,21.61,22.68,21.11,20.50,21.14,21.16,21.43,21.28,21.18,20.67,21.09,21.31,21.25,21.42,21.13,20.74,21.20,21.53,21.54,21.38
TGFB1,16.86,14.84,14.70,17.75,15.61,14.18,16.72,15.80,16.24,16.22,17.67,16.08,13.60,17.04,15.03,16.73,17.14,15.93,16.28,14.2
TIGIT,14.77,11.17,7.09,12.17,5.96,6.42,14.65,12.14,11.53,15.00,12.10,12.89,11.96,14.15,12.72,12.63,15.88,6.20,13.71,12.58
TLR3,17.71,15.77,14.09,10.61,11.53,10.06,14.84,14.52,15.01,14.84,15.53,13.29,13.09,14.35,14.02,13.73,16.73,14.10,16.68,15.01
TLR7,9.03,10.78,7.09,6.88,5.96,6.42,6.08,6.64,6.54,11.59,6.56,11.43,6.16,11.84,6.02,11.38,5.93,6.20,6.10,5.92
TLR8,6.37,7.95,7.09,13.55,5.96,6.42,10.24,6.64,6.54,6.19,6.56,6.07,6.16,5.61,10.72,6.23,5.93,6.20,6.10,5.92
TLR9,12.95,9.61,12.43,13.84,11.88,13.81,13.91,13.80,12.93,13.47,12.60,13.52,14.48,14.12,15.28,14.52,14.96,14.50,12.00,13.84
TNF,14.71,12.85,7.59,14.77,5.96,6.42,13.53,12.93,14.22,6.19,14.91,9.85,11.65,13.11,12.46,13.15,14.68,7.49,12.81,5.92
TNFAIP8,13.52,17.19,7.09,12.67,16.46,12.39,15.18,11.63,15.07,14.98,12.67,12.80,10.19,15.14,6.52,14.54,14.19,6.70,13.82,12.31
TNFRSF14,20.66,20.03,20.46,20.12,20.38,20.53,20.73,20.85,20.40,20.44,21.17,20.53,20.10,20.70,20.29,20.51,20.64,20.73,21.01,19.97
TNFRSF17,11.27,9.31,7.59,8.84,12.47,6.42,12.02,6.64,13.27,10.20,12.77,11.53,6.16,13.02,6.02,11.40,14.81,6.20,9.33,5.92
TNFRSF18,13.49,13.33,7.09,15.62,15.53,13.61,14.00,11.29,14.31,12.52,15.11,14.07,10.86,14.30,6.02,12.41,14.40,11.26,14.19,13.71
TNFRSF4,6.37,11.36,13.63,15.94,5.96,6.92,6.08,11.89,7.04,11.86,12.21,6.07,7.16,11.99,6.02,6.23,10.95,7.49,13.07,10.99
TNFRSF9,9.51,11.04,7.09,6.88,5.96,6.42,6.08,6.64,6.54,11.64,12.54,11.06,6.16,13.13,14.06,6.23,5.93,6.20,13.17,5.92
TNFSF10,22.23,19.47,19.72,19.31,19.55,20.11,20.48,21.62,21.05,20.03,21.51,20.09,19.08,20.89,20.40,20.07,21.06,20.45,21.67,19.31
TNFSF13B,14.00,14.19,15.85,15.86,15.41,16.30,13.17,14.02,14.64,12.91,13.96,14.03,14.87,14.43,14.09,15.31,15.82,14.96,14.08,13.96
TNFSF14,7.37,5.45,7.09,13.86,6.46,6.42,6.08,6.64,6.54,11.89,6.56,12.45,6.66,14.15,6.52,8.02,5.93,6.20,11.45,5.92
TNFSF18,6.37,5.45,7.09,6.88,5.96,6.42,6.08,6.64,6.54,6.19,6.56,11.82,6.16,5.61,6.02,6.23,11.40,6.70,11.65,5.92
TNFSF4,12.36,10.77,7.09,6.88,5.96,6.42,10.23,10.28,12.80,11.25,12.59,9.40,10.34,11.59,11.80,13.78,13.38,12.92,14.32,5.92
TNFSF9,9.82,8.84,7.09,6.88,15.22,7.58,10.04,12.78,10.53,6.19,12.95,6.07,9.39,5.61,6.02,10.14,11.21,11.77,12.28,11.07
TOP2A,16.38,18.66,18.98,18.17,20.30,17.71,18.10,19.16,17.18,17.93,17.64,19.76,19.71,18.56,19.03,17.42,18.14,18.96,18.05,18.69
TP63,6.37,5.45,7.09,6.88,5.96,6.42,6.08,6.64,6.54,6.19,6.56,6.07,6.16,5.61,6.52,6.23,5.93,6.20,6.10,5.92
TRIM29,13.29,15.34,7.09,15.30,16.12,15.44,14.76,14.65,13.91,14.46,14.09,16.75,6.16,14.46,11.59,16.42,13.38,14.89,16.01,14.25
TUBB,20.23,20.08,21.50,22.52,20.68,22.44,19.69,20.17,20.58,19.82,19.90,20.22,21.40,18.92,20.42,21.30,20.25,19.85,18.89,20.39
TWIST1,6.37,10.18,7.09,12.65,5.96,6.42,6.08,6.64,6.54,6.19,6.56,11.11,6.16,12.74,6.02,10.09,11.09,6.20,12.29,5.92
TYROBP,14.38,14.14,15.95,17.86,11.88,14.84,15.91,15.02,14.42,14.36,15.72,15.58,11.84,15.41,14.21,15.10,15.32,13.64,14.43,14.48
VCAM1,6.37,5.45,7.09,14.18,5.96,6.42,10.39,7.14,13.33,13.97,6.56,11.99,7.16,11.61,6.02,12.29,12.69,11.48,11.25,5.92
VEGFA,21.09,21.42,21.02,21.71,21.71,21.44,22.10,22.06,22.07,21.11,22.38,21.21,20.30,21.33,21.39,21.26,21.31,21.56,23.08,20.34
VTCN1,6.37,5.95,7.09,12.41,5.96,8.33,6.08,6.64,7.04,6.19,6.56,6.07,6.16,5.61,6.52,6.23,5.93,6.20,6.10,5.92
XAGE1B,6.37,5.45,7.09,6.88,5.96,6.42,6.08,6.64,6.54,6.19,6.56,6.07,6.16,5.61,6.02,6.23,5.93,6.20,6.10,5.92
ZAP70,16.82,14.29,13.94,17.18,15.19,14.77,16.75,14.47,15.97,16.08,17.67,15.22,12.00,16.45,13.68,15.68,16.64,14.78,14.95,14.83
ZBTB46,12.31,11.06,13.91,14.80,13.02,6.42,13.65,12.23,13.73,13.18,11.90,12.81,11.86,12.76,12.02,13.59,13.50,12.38,14.38,5.92
ZEB1,16.27,14.73,14.04,16.71,6.96,13.91,14.81,15.82,14.93,16.23,15.64,15.44,11.12,15.81,13.23,16.02,15.70,14.35,16.25,13.66
