Gene,110-1S,173-1S,187-1S,130-1S,136-1S,151-1S,154-1S,178-1S,183-1S,240-2S,110-2S,173-2S,187-2S,130-2S,136-3S,151-2S,154-2S,178-2S,183-3S,240-3S
ABCF1,20.19,21.08,22.04,22.58,22.32,22.14,22.76,22.32,22.17,22.44,22.78,22.66,20.89,21.26,23.14,21.52,22.25,20.88,21.85,22.19
ADGRE5,18.91,19.36,19.22,20.09,18.99,19.24,19.42,19.53,19.02,19.5,19.17,19.55,19.73,19.79,19.13,18.36,19.47,19.78,19.16,19.15
ADORA2A,14.66,17.31,13.57,17.43,15.42,13.82,15.61,16.55,15.42,16.37,16.53,17.4,15.96,15.1,14.89,13.58,15.75,15.62,14.44,16.1
AIF1,14.87,16.23,11.6,17.28,15.96,15.28,13.98,17.86,16.18,15.25,18.14,16.91,16.78,15.78,14.39,15.31,16.73,15.65,14.48,16.01
AKT1,20.44,20.73,21.51,22.22,22.02,21.85,22.1,22.44,21.6,22.01,22.46,22.24,20.63,21.02,23.87,21.47,21.97,20.96,21.36,21.93
ALOX15B,13.65,12.4,9.78,9.71,7.5,14.2,12.68,7.15,12.89,13.25,15.29,10.03,12.5,9.49,8.7,13.89,15.38,10.5,13.46,13.53
ARG1,6.4,6.61,5.52,7.15,12.98,6.41,7.63,7.15,6.47,7.22,6.89,7.14,5.93,6.36,8.2,11.41,7.28,6.42,7.73,7.6
AXL,15.36,16.18,12.26,16.05,15.23,14.34,14.92,16.01,14.94,16.88,17.09,16.35,17.57,14.53,15.3,16.14,17.78,15.8,14.52,15.09
B3GAT1,11.93,12.77,11.51,14.55,7,9.22,14.4,13.06,13.04,7.72,12.99,13.06,8.62,10.73,15.64,13.37,15.25,12.87,14.39,14.45
BAGE,6.4,6.61,6.02,7.15,7,6.41,7.13,7.15,6.47,7.22,6.89,7.14,5.93,6.86,8.2,6.61,7.28,6.42,8.23,8.1
BATF,16.49,18.47,15.18,20.07,16.81,16.75,15.85,18.91,16.82,18.11,18.7,17.99,16.98,16.97,17.75,15.01,17.65,16.52,15.2,16.76
BCL2,16.09,17.07,15.04,18.1,16.92,14.98,16.87,17.24,16.67,17.34,17.07,17.99,17.08,16.87,18.53,15.02,16.91,16.61,16.1,16.31
BCL2L11,18.4,18.55,16.45,17.84,17.63,19.2,17.49,17.65,16.86,17.88,17.43,17.35,17.49,18.37,18.25,17.98,17.52,18.77,17.24,16.46
BCL6,17.13,17.48,16.11,18.5,16.67,16.1,15.48,17.66,16.93,17.4,17.51,16.95,16.65,16.35,17.42,15.77,17.39,16.76,16.87,16.53
BRCA1,16.13,17.96,19.64,17.7,17.79,17.71,17.76,17.81,18.75,18.69,18.79,19.44,17.24,17.26,16.32,16.31,18.84,18.55,18.4,17.73
BRCA2,13.47,15.14,15.67,14.99,7,11.71,12.8,7.15,7.26,14.94,14.26,15.12,14.85,13.26,12.01,6.61,14.4,14.67,15.02,13.2
BST2,18.55,18.93,12.62,20.08,17.65,16.34,17.41,17.97,17.61,19.4,20.22,19.58,19.49,18.38,19.74,18.43,19.43,18.54,18.11,19.1
BTLA,15.16,17.1,5.52,18.03,13.41,13.01,14.63,15.46,13.74,16.36,16,16.56,15.92,14.37,13.96,10.53,14.83,13.83,14.42,14.52
BUB1,15.24,16.31,16.87,15.74,15.37,15.68,17.24,13.56,14.82,15.3,15.13,16.16,14.98,15.54,14.6,15.48,18.13,16.93,18.3,17.64
C10orf54,19.59,19.54,16.83,19.39,18,18.15,19.06,18.87,18.16,18.19,18.9,19,19.67,18.87,20.85,18.9,18.86,18.75,18.03,18.19
C1QA,15.59,15.76,5.52,17.63,15.61,12.52,15.43,16.95,16,16.89,17.76,16.07,18.55,16.29,17.86,15.3,18.89,15.68,14.44,16.92
C1QB,14.89,14.92,7.02,14.56,12.59,14.13,13.69,14.33,7.26,14.71,14.9,14.33,16.33,15.12,18.05,13.03,17.56,13.68,7.73,13.94
CA4,22.95,22.65,17.94,20,21.98,23.41,21.89,20.51,19.44,20.33,18.86,20.71,20.49,22.28,22.35,23.17,18.84,22.12,21.59,18.05
CBLB,19.71,20.32,18.84,20.43,20.02,20.4,19.89,19.47,19.98,19.7,19.59,19.61,19.45,19.6,15.39,19.53,19.17,20.3,19.49,19.45
CCL17,6.4,6.61,5.52,13.75,7,6.41,7.13,7.15,6.47,13.96,6.89,7.14,5.93,6.36,8.2,6.61,7.28,6.42,7.73,7.6
CCL18,6.4,6.61,5.52,11.51,7,6.41,14.44,7.15,6.47,15.95,6.89,11.45,5.93,6.36,8.7,7.11,11.93,10.77,7.73,7.6
CCL2,13.74,14.69,11.18,15.93,15.9,15.29,15.38,17.05,14.81,16.48,16.05,15.88,14.67,14.48,18.7,14.82,14.82,15.22,13.98,14.43
CCL20,15.85,15.61,14.94,16.21,7,17.12,7.63,13.93,12.87,19.43,15.43,14.32,14.47,19,8.2,13.39,14.55,14.78,10.82,14.48
CCL21,12.33,17.51,11.96,16.17,10.07,13.43,15.01,12.29,13.12,20.02,12.35,12.03,10.4,12.22,14.06,13.43,15.21,12.75,15.66,14.79
CCL22,11.21,17.25,5.52,18.11,15.63,16.16,7.13,15.68,6.47,15.76,6.89,14.32,15.04,14.75,15.6,6.61,9.07,10.17,10.55,7.6
CCL3,13.73,14.95,13.57,17.39,13.68,15,15.49,18.66,13.05,13.63,17.84,18.91,15.26,16.35,16.32,14.38,15.27,15.9,14.9,14.22
CCL4,14.85,15.26,6.52,16.5,13.92,13.17,8.13,17.3,14,15.07,14.38,14.5,15.11,16.81,14.01,6.61,14,13.76,7.73,15.34
CCL5,19.18,18.86,16.83,20.34,17.01,16.83,16.95,19.09,17.08,17.77,20.12,18.73,18.43,19.39,18.58,14.45,18.15,17.34,15.38,17.7
CCNB2,16.11,17.74,18.85,15.43,17.2,16.31,12.97,15.86,16.53,17.14,15.08,17.33,16.09,15.91,14.78,15.41,16.57,17.63,16.89,15.3
CCR1,15.13,13.44,10.99,15.74,13.79,14.05,14.58,15.45,14.8,14.83,15.68,15.85,15.9,14.81,14.64,14.1,14.05,13.65,13.99,14.26
CCR2,14.34,16.19,13.06,17.08,15.22,6.41,14.91,16.85,14.61,17.35,16.74,17.55,16,16.1,17.7,12.14,16.24,16.46,15.28,17.17
CCR4,6.4,15.92,6.02,16.21,7,6.41,7.13,13.22,6.47,15.51,6.89,7.14,11.05,10.96,13,6.61,7.28,12.2,11.54,7.6
CCR5,16.54,17.65,13.59,17.88,14.71,15.78,12.24,17.13,16.2,17.11,17.53,16.62,16.92,16.69,11.79,13.1,15.54,14.86,14.6,16.11
CCR6,12.28,13.08,10.47,17.22,7,9.1,12.62,14.65,6.47,15.05,13.74,11.87,12.41,11.38,11,10.39,13.12,11.84,13.7,14.44
CCR7,12.35,17.49,5.52,18.14,7.5,12.06,7.13,14.91,6.97,17.45,6.89,13.53,10.73,12.09,16.36,6.61,12.85,11.5,7.73,12.08
CD14,17.62,16.92,15.34,18.27,16.95,16.54,17.49,18.59,17.42,17.57,18.07,18.24,19.3,18.15,18.86,18.49,19.58,18.01,17.51,17.15
CD160,16.66,11.85,13.46,11.98,14.46,12.55,7.13,14.15,6.97,11.92,14.74,7.14,12.29,12.98,15.55,6.61,14.48,13.51,11.61,13.64
CD163,15.09,16.2,11.61,16.37,15.13,12.43,7.13,17.75,15.46,16.41,17.58,17.27,17.99,15.67,19.4,14.9,18.82,15.52,14.49,16.58
CD19,17.45,18.69,12.57,22.42,17.75,16.1,18.56,18.48,16.98,18.53,19.91,19.55,17.95,16.48,18.42,16.63,18.66,15.93,16.57,16.69
CD1C,11.02,11.83,11.9,13.84,7,8.57,13.39,7.15,6.47,13.22,7.89,11.1,11.09,12.49,9,10.72,14.21,8.08,15.22,15.69
CD1D,14.97,14.32,14.21,16.48,15.9,14.13,14.92,16.07,14.21,15.59,14.51,15.01,15.89,15.16,14.75,14.05,13.76,14.74,14.51,13.37
CD2,16.82,18.03,13.54,18.8,14.36,12.74,12.32,16.34,14.93,16.95,17.24,15.37,16.36,16.32,10.2,10.53,15.07,15.07,11.83,15.71
CD209,17.05,17.27,14.03,17.64,17.73,14.64,13.92,18.75,16.89,17.97,18.83,19.81,18.74,16.79,18.15,17.24,18.56,16.01,17,17.57
CD22,15.65,18.02,9.72,21.98,16.4,13.7,12,16.83,15.1,20.18,16.25,18.15,17.71,16.71,17.72,14.89,18.7,15.89,15.51,18.12
CD226,16.38,16.71,5.52,18.28,14.03,12.96,8.92,15.72,13.21,16.37,16.21,14.45,15.16,15.63,16.34,6.61,15.41,13.45,13.64,14.87
CD244,16.09,16.61,15.08,16.87,16.05,15.69,16.5,16.28,14,16.61,17.18,16.86,15.46,16.69,15.61,13,15.34,14.81,12.64,15.41
CD247,17.5,18.32,15.33,19.35,16.82,15.48,15.16,17.78,15.23,17.2,17.7,17.64,17.69,17.07,17.98,13.75,15.97,15.57,13.51,14.3
CD27,13.45,14.75,5.52,16.71,14.71,13.14,7.13,13.27,14.66,13.74,15.16,13.42,14.42,14.07,15.82,6.61,12.83,12.12,10.52,12.99
CD274,15.54,16.27,14.15,16.59,12.97,11.71,14.8,15.43,7.76,15.57,16.93,15.51,14.47,13.98,15.42,6.61,15.6,14.31,11.48,14.08
CD276,16.01,16.46,16.7,17.64,17.83,17.34,17.71,17.64,17.29,17.21,17.35,18.19,17.38,16.66,19.82,17.21,17.69,16.31,16.83,17.37
CD28,12.38,17.18,13.24,18.13,9.57,12.39,7.63,11.74,7.47,18.48,14.62,13.86,15.71,13.14,14.97,7.61,12.34,11.81,7.73,14.32
CD33,14.99,13.33,11.35,15.9,12.43,12.16,7.13,15.11,15.49,16.25,16.37,14.63,16.1,14.87,16.63,13.63,16.89,11.77,11.78,13.26
CD37,18.91,20.24,16.07,23.16,18.21,18.28,18.09,20.29,18.68,20.17,20.38,20.73,19.4,18.87,18.48,17.27,19.66,18.1,18.39,19.22
CD38,13.51,14.18,5.52,15.97,14.96,13.85,7.13,8.15,6.47,16.02,16.16,15.3,13.76,14.51,8.7,10.36,13.17,12.84,12.46,15.79
CD3D,18.16,18.85,15.52,19.47,16.95,15.25,15.58,18.3,15.82,18.21,18.67,17.73,17.43,17.52,16.39,6.61,16.49,15.69,16.04,17.33
CD3E,18.19,19.4,16.08,20.61,17.03,17.4,17.09,19.43,17.22,18.8,19.48,18.82,17.87,18.27,17.85,14.71,18.02,16.55,16.66,17.84
CD3G,17,18.08,13.89,18.59,16.25,13.01,13.27,17.21,14.4,15.94,18.12,16.72,15.89,17.52,12.87,11.97,16.54,14.75,13.77,14.73
CD4,15.39,17.13,6.02,17.66,11.39,13.09,14.32,14.88,7.47,16.54,17.02,14.59,16.73,13.99,17.03,14.16,16.42,13.98,11.19,15.09
CD40,16.92,17.83,14.07,19.82,16.31,15.42,17.09,17.56,15.16,17.95,18.02,17.83,18.52,16.31,18.11,11.86,18.26,16.86,15.12,17.36
CD40LG,6.4,15.52,12.6,17.36,7,6.41,7.92,15.63,13.35,15.16,13.71,14.47,13.97,13.24,14.44,6.61,13.77,10.31,11.61,13.46
CD44,12.31,11.32,15.9,11.25,12.3,10.77,7.13,7.65,12.37,8.22,6.89,11.63,11.9,12.19,8.7,6.61,7.28,12.2,8.23,12.48
CD47,18.29,18.3,18.87,19.51,18.17,18.08,16.63,18.21,18.14,18.99,17.84,17.51,18.42,19.26,19.49,17.1,18.33,19.09,17.33,17.35
CD48,14.98,16.13,9.65,16.71,7,6.91,12.3,13.91,10.97,16.94,14.37,14.17,14,13.91,15.78,12.43,13.35,12.16,12.29,14.16
CD52,18.42,18.62,15.94,20.39,17.43,15.71,16.57,18.06,15.7,20.05,18.51,17.97,17.84,18.35,17.27,14.16,17.51,16.21,15.95,17.45
CD53,14.58,14.87,6.02,19.24,13.7,6.91,15.71,15.74,13.35,16.84,16.59,17.6,14.36,14.29,15.66,14.36,16.05,13.2,13.87,13.81
CD6,18.43,20.32,17.16,21.29,19.2,18.94,19.37,20.75,18.31,19.81,20.78,20.15,18.56,18.45,19.52,16.36,19.21,16.98,17.6,18.64
CD63,22.34,21.38,19.7,20.05,20.73,22.4,21.1,19.71,20.27,20.92,20.04,20.36,22.21,22.53,19.72,22.45,20.34,22.43,20.92,20.58
CD68,20.85,18.78,16.79,17.38,17.14,20.45,18.18,16.45,17.21,18.65,16.66,14.34,19.93,19.74,14.34,19.8,16.62,19.86,18.59,16.95
CD69,15.33,16.23,12.2,17.42,12.85,6.41,7.63,16.57,13.97,7.22,13.24,15.3,13.45,16.07,17.29,6.61,14.29,14.16,10.39,12.67
CD70,13.53,12,11.76,13.08,7,6.41,7.13,7.15,6.47,7.22,6.89,7.14,5.93,6.36,8.7,6.61,7.28,6.42,7.73,8.1
CD74,17.52,18.16,13.28,16.85,14.53,15.16,15.65,16.12,15.24,16.12,16.54,14.87,16.51,16.16,14.99,12.75,15.77,14.65,12.74,14.53
CD79A,13.43,15.42,5.52,18.9,13.49,12.63,13.88,15.04,15.83,19.33,15.36,15.6,14.9,15.42,17.06,13.27,15.52,12.74,11.19,14.37
CD79B,16.28,17.89,12.7,21.23,18.01,16.26,18.52,18.82,18.18,19.07,19.39,19.51,17.51,17.41,21.65,17.22,18.82,16.26,17.77,18.12
CD80,15.78,17.63,12.3,19.06,15.68,15.02,14.09,17.77,14.7,15.35,17.1,14.54,17.46,15.64,17.57,13.61,15.98,15.34,14.2,13.45
CD83,13.28,18.38,12.75,18,7,15.44,7.63,16.77,13.26,16.51,16.68,14.44,15.78,14.31,15.87,13.8,14.62,13.59,12.88,13.33
CD86,13.8,15.19,5.52,15.51,12.65,6.41,7.13,14.18,13,15.51,14.15,14.59,15.92,13.75,8.2,6.61,13.72,12.23,7.73,7.6
CD8A,17.8,16.41,14.79,16.82,12.91,12.38,13.87,16.66,7.47,14.85,16.74,14.96,16.11,17.46,13.26,12.49,15.49,15.35,13.98,15.16
CD8B,17.71,17.58,16.77,18.81,18.16,15.89,17.79,17.74,16.46,17.51,19.84,17.44,17.22,17.5,18.31,14.46,17.96,13.78,15.69,17.22
CDK1,13.05,16.27,17.58,14.03,14.86,13.76,8.42,13.71,14.01,15.02,14.8,15.3,14.23,12.88,12.89,12.13,15.79,16.39,16.23,13.78
CDKN2A,13.4,12.26,5.52,12.96,7,12.39,7.13,12.75,6.47,12.22,6.89,13.81,5.93,6.36,8.2,6.61,7.28,6.42,7.73,7.6
CDKN3,13.42,13.33,14.62,12.01,13.2,11.74,7.13,12.72,10.64,16.32,6.89,13.2,12.51,13.04,9.79,6.61,10.71,13.9,12.98,7.6
CEACAM1,23.54,22.39,16.5,19.34,19.15,22.87,21.06,18,17.39,22.17,17.64,18.01,21.89,21.94,19.57,23.52,17.57,23.19,21.13,19
CEACAM8,6.4,13.93,6.02,7.15,7,6.91,7.13,7.15,6.47,14.54,6.89,7.14,13.42,10.8,8.2,11.72,12.42,12.62,7.73,7.6
CIITA,18.99,19.48,17.67,22.68,18.85,18.37,17.18,20.03,17.91,20.47,20.86,19.33,20.42,19.55,22.39,17.67,20.29,18.19,17.7,19.05
CLEC4C,6.4,13.01,5.52,13.81,7,6.41,7.13,7.15,6.47,7.22,6.89,12.3,5.93,6.36,8.2,6.61,7.28,10.39,7.73,7.6
CMKLR1,12.5,11.28,5.52,12.47,12.5,6.41,7.13,10.55,6.47,7.22,14.1,11.81,14.15,9.68,15.71,12.57,14.81,10.48,10.64,8.1
CORO1A,16.59,18.09,13.69,18.89,15.88,15,16.59,17.16,16.18,18.87,16.18,16.37,17,16.19,20.39,14.69,16.87,14.4,14.89,16.26
CRTAM,13.75,14.34,5.52,14.35,7,6.41,7.13,14.21,14.91,7.22,15.32,7.14,14.34,11.43,8.2,13.37,7.28,11.53,11.66,7.6
CSF1R,17.97,18.66,15.99,20.11,18.73,18.41,17.32,20.93,18.54,18.78,20.54,20.57,19.74,18.8,20.24,18.76,20.35,18.37,18.87,19.07
CSF2RB,20.05,20.87,16.92,22.33,20.82,20.73,22.38,22.52,21.88,22.35,23.24,23.27,20.92,20.38,23.53,20.98,22.65,20.24,21.53,21.74
CTAG1B,6.4,6.61,5.52,7.15,7,6.41,7.13,7.15,6.47,7.22,6.89,7.14,5.93,6.36,8.2,6.61,7.28,6.42,7.73,7.6
CTAG2,6.4,6.61,5.52,7.15,7,6.41,7.13,7.15,6.47,7.22,6.89,7.14,5.93,6.36,8.2,6.61,7.28,6.42,7.73,7.6
CTLA4,12.24,16.42,5.52,17.15,7,6.41,7.13,13.75,13.09,15.91,13.95,11,14.02,12.57,10.5,7.11,7.78,8.98,7.73,12.51
CTSS,21.81,21.92,20.23,20.49,19.83,20.91,19.97,20.57,20.37,20.8,19.7,20.05,21.71,21.3,17.87,21.2,19.83,21.5,19.86,19.22
CX3CL1,12.27,15.14,13.2,16.58,14.33,13.48,15.29,15.76,11.63,15.5,16.07,15.05,14.44,14.04,17.23,13.16,15.59,14.32,13.92,14.51
CX3CR1,10.39,6.61,5.52,10.4,7,6.41,7.13,7.15,6.47,7.22,6.89,7.14,11.17,6.36,8.2,6.61,12.46,8.71,12.02,11.55
CXCL1,16.68,17.74,18.26,19.84,18.23,18.67,18.86,20.04,18.24,20.21,19.51,19.67,17.01,17.75,15.13,17.36,19.19,17.74,17.55,19.65
CXCL10,11.15,12.75,11.81,7.15,12.52,14.54,7.13,16.28,6.47,7.22,15.96,7.14,13.91,12.13,12.89,12.42,7.28,10.87,7.73,7.6
CXCL11,14.56,6.61,5.52,7.15,7,6.41,7.63,12.25,6.97,14.4,6.89,7.64,5.93,8.31,8.2,6.61,7.28,6.42,7.73,7.6
CXCL13,10.42,6.61,6.02,17.9,12.86,6.41,13.71,12.75,6.47,16.42,6.89,11.98,5.93,12.54,8.2,6.61,7.28,6.42,7.73,12.3
CXCL8,6.4,6.61,14.01,18.1,7,15.09,7.63,18.48,13.55,14.86,6.89,7.14,10.32,10.66,10,12.82,14.58,6.42,8.73,11.89
CXCL9,15.37,12.22,9.84,13.18,7,6.41,7.13,13.25,6.47,13.21,6.89,7.94,10.76,10.75,8.2,6.61,7.28,9.87,7.73,7.6
CXCR2,6.4,11.53,5.52,15.03,7,7.2,7.13,7.15,6.47,15.01,7.39,11.67,11.57,13.61,11,6.61,12.52,6.42,7.73,12.52
CXCR3,12.33,10.34,9.11,10.1,7,9.92,7.13,9.53,10.67,7.22,10.92,7.14,8.93,10.75,8.2,11.13,7.28,9.21,9.52,9.39
CXCR4,13.87,16.17,12.73,19.19,13.76,12.09,15.1,17.18,14.94,18.38,13.84,14.87,15.32,14.22,14.93,6.61,15.89,12.97,7.73,12.38
CXCR5,6.4,15.57,5.52,18.42,7,6.41,7.63,7.15,7.26,16.8,6.89,13.51,13.35,11.92,9,6.61,14.17,6.42,8.23,12.26
CXCR6,14.93,14.3,13.48,15.66,7,6.41,7.13,12.69,6.47,15.27,16.34,9.55,14.27,14.68,8.2,7.11,7.28,13.04,13.22,12.36
CYBB,18.83,19.49,17.54,20.24,18.22,17.27,17.18,19.62,18.49,19.46,20.31,18.69,20.31,18.19,18.47,17.63,19.4,18.36,17.81,18.38
DDX58,18.27,20.24,16.59,18.13,18.84,18.96,19.75,18.37,16.93,19.84,17.35,18.09,18.24,18.89,17.49,18.71,17.09,19.34,18.11,17.69
DGAT2,13.19,12.66,11.45,14.08,7,12.72,7.13,7.15,6.47,7.22,6.89,12.08,13.41,6.36,8.2,14.1,7.28,14.23,11.14,7.6
DMBT1,18.08,17.03,13.32,18.59,15.16,13.91,9.13,15.62,12.78,16.03,8.48,13.67,17.48,21.98,14.65,15.2,8.28,16.37,15.23,13.54
EBI3,13.98,15.33,5.52,16.74,13.11,14.23,16.06,16.23,13.7,7.22,17.72,15.94,15.4,13.24,12.3,12,17.43,14.23,14.88,14.52
EFNA4,17.85,17.17,16.04,16.61,17.37,17.43,16.76,15.96,17.08,17.2,16.67,16.49,16.85,17.39,17.5,18.11,16.56,17.56,16.65,15.64
EGFR,19.95,19.84,19.35,17.99,18.76,19.97,19.97,18.7,18.86,19.69,18.24,18.98,19.69,19.62,18.48,20.37,19.36,20.03,18.77,18.6
EGR2,10.75,13.86,13.54,17.41,15.67,15.91,8.13,17.73,15.25,15.09,16.52,14.04,15.29,14.9,17.3,16.5,16.39,16.22,15.35,16.34
EGR3,6.4,13.39,5.52,16.35,12.46,13.02,7.13,12.96,14,14.81,12.89,11.49,6.43,11.56,8.7,6.61,7.28,13.11,7.73,7.6
EIF2AK2,18.99,19.29,18.86,19.67,19.41,19.61,18.78,19.29,18.87,20.6,19.45,19.58,19.04,19.83,19.17,19.75,18.86,19.67,19.64,19.25
ENTPD1,16.24,17.3,14.23,18.88,16.51,14.66,16.94,16.93,14.89,17.7,17.22,17.29,17.91,15.93,17.51,14.25,18.05,16.76,14.89,15.92
EOMES,6.4,15.75,5.52,14.99,12.78,6.41,7.13,7.15,6.47,15.37,6.89,8.14,12.4,13.95,8.2,6.61,7.28,11.15,7.73,7.6
FAS,18.88,19.35,19.11,19.68,19.38,18.59,18.8,19.06,19.25,19.67,19.21,19.14,18.92,19.17,20.58,17.93,19.08,19.47,18.35,18.73
FASLG,15.64,16.02,12.61,16.18,14.97,12.23,7.13,16.62,6.47,15.13,16.61,15.97,15.66,15.87,12.63,12.35,13.15,15.24,13.32,15.71
FCER1G,16.14,16.47,13.22,17.74,16.59,14.21,15.42,17.1,16.91,16.72,17.86,17.58,17.45,15.58,18.09,15.36,18.1,15.92,16.06,16.36
FCGR1A,13.64,11.56,6.02,12.9,12.6,6.41,7.13,14.58,6.97,7.22,15.34,7.14,10.97,12.78,8.2,6.61,7.28,6.42,7.73,7.6
FCGR2B,6.4,13.26,5.52,17.23,7,6.41,7.13,13.92,15.13,15.85,15.15,13.43,13.46,11.26,13.85,6.61,15.21,12.29,7.73,7.6
FCGR3A,10.25,10.56,5.52,16.77,7,12.88,12.73,12.59,12.2,14.94,13.26,9.71,12.2,13.94,8.7,6.61,14.02,11.33,11.37,14.41
FCGR3B,7.4,10.25,11.75,17.94,7,6.41,7.63,12.71,9.53,15.14,15.43,13.11,14.02,12.7,8.2,6.61,7.28,8.42,11.65,12.56
FCRLA,6.4,6.61,5.52,15.58,7,6.41,7.13,14.34,6.47,15.57,7.39,13.33,5.93,6.36,16.39,12.4,7.28,6.42,7.73,7.6
FOXM1,15.89,17.51,19.45,16.58,17.65,17.84,17.19,16.9,17.45,17.41,17.37,18.94,15.85,16.49,14.64,14.92,18.51,18.06,18.49,17.37
FOXO1,18.23,19.02,18.02,19.83,18.95,18.91,19.25,19.29,18.89,19.33,18.27,18.78,18.23,19.14,17.74,19.35,18.84,19.12,18.31,18.58
FOXP3,12.31,17.23,13.74,18.46,13.85,14.02,15.31,16.17,14.42,15.57,16.23,16.31,15.23,15.59,13.1,13.5,13.78,14.79,14.71,14.51
FUT4,19.21,18.2,20.29,20.76,21.17,20.96,22.5,21.47,21.47,20.99,20.67,20.02,18.47,20.63,23.48,21.43,22.58,20.21,22.81,22.37
FYB,20.53,21.71,18.58,22.96,20.71,20.81,20.79,22.49,20.76,21.74,22.87,21.92,21.11,20.57,19.83,19.45,21.31,19.46,20.02,20.4
G6PD,17.79,17.12,17.2,16.66,16.5,16.15,16.6,16.51,16.72,17.13,16.88,16.07,17.81,17.46,18.66,16.71,16.67,17.36,16.36,17.34
GADD45GIP1,18.56,18.61,19.26,19.44,19.11,18.45,19.11,18.56,19.27,18.64,19.11,19.26,18.91,18.44,20.93,18.49,19.37,18.07,18.21,18.36
"GAGE1,GAGE12I,GAGE12F",12.01,6.61,5.52,7.15,7,6.41,7.13,7.15,6.47,7.22,14.67,7.14,5.93,6.36,8.2,6.61,7.28,6.42,7.73,7.6
GAGE10,6.4,12.71,5.52,7.15,7,6.41,7.13,7.15,6.47,7.22,6.89,7.14,12.31,6.36,8.2,7.11,13.61,6.42,7.73,7.6
GAGE12J,6.4,6.61,5.52,7.15,7,6.41,7.13,7.15,6.47,7.22,7.39,7.14,11.36,6.36,8.2,6.61,7.28,6.42,7.73,7.6
GAGE13,6.4,6.61,5.52,7.15,7,6.41,7.13,7.15,6.47,7.22,6.89,7.14,6.43,6.36,8.2,6.61,7.28,6.42,7.73,7.6
"GAGE2C,GAGE2A,GAGE2E",6.4,6.61,5.52,7.15,7,6.41,7.13,7.15,6.47,7.22,7.39,7.14,5.93,6.36,8.7,6.61,7.28,6.42,7.73,7.6
GATA3,12.9,15.11,10.59,16.26,13.87,6.41,7.13,14.94,13.42,13,7.89,12.67,14.52,14.16,15.75,11.56,15.35,12.99,8.23,7.6
GBP1,19.22,17.93,16.62,18.21,16.71,17.3,16.66,17.52,13.98,18.73,17.92,16.44,16.36,18.65,15.31,16.46,16.2,17.24,16.58,16.76
GNLY,16.04,16.72,15.07,18.62,14.31,15.74,15.86,18.66,14.61,16.52,16.67,17.27,17.51,18.5,16.04,14.94,18.2,17.65,16.71,17.3
GPR18,14.49,14.8,5.52,16.29,11.88,12.71,12.72,12.66,13.61,12.66,14.88,12.87,13.13,14.23,8.7,6.61,13.57,8.87,12.3,12.96
GRAP2,17.69,18.77,16.76,19.89,17.18,15.42,15.67,18.51,16.74,18.6,19.33,18.55,18.33,17.39,16.63,15.1,17.28,16.76,16.66,17.75
GUSB,19.59,19.79,19.24,19.45,18.96,19.07,18.55,18.87,18.98,19.25,19.58,19.52,19.7,19.64,16.96,19.31,19.28,19.86,19.25,19.28
GZMA,18.12,13.65,13.39,11.5,7.5,6.41,8.63,7.65,8.26,13.33,12.98,10.79,14.8,17.77,8.7,6.61,7.78,14.97,11.52,8.6
GZMB,15.09,13.39,12.92,7.15,7,12.45,15.8,7.15,6.47,7.22,14.31,7.14,12.23,13.41,8.2,11.93,7.28,13.63,7.73,12.57
GZMH,12.07,14.05,14.14,15.12,14.94,6.41,7.13,15.17,13.45,7.22,12.32,15.13,11.68,13.13,8.7,6.61,13.57,13.65,11.52,13.7
GZMK,6.4,12.19,5.52,10.95,7,6.41,7.13,7.15,6.47,13.56,6.89,7.14,10.84,12.49,8.2,6.61,7.28,6.42,7.73,7.6
HAVCR2,15.51,15.49,12.49,17.26,14.71,12.5,13.95,16.55,15.86,15.14,16.52,16.19,17.03,15.06,13.51,14.95,17.06,15.88,13.69,15.74
HERC6,17.24,17.75,16.41,16.76,15.23,16.96,17.48,16.5,17.34,17.86,16.84,16.22,16.89,17.17,14.23,16.23,15.74,17.2,16.92,16
HGF,11.97,13.82,10.77,15.01,12.58,14.16,13.84,15.34,14.19,14.35,15.06,16.07,14.75,14.71,14.7,13.45,14.63,14.15,15.07,15.31
HIF1A,18.49,18.79,18.67,19.53,18.5,19.06,17.51,18.96,18.96,19.7,18.12,19.06,18.52,19.5,16.91,18.18,18.62,19.14,18.6,18.76
HLA-A,23.39,22.55,18.74,20.7,10.14,20.67,12.42,14.86,18.36,19.78,20.15,20,20.38,22.21,13.6,20.95,11.22,9.8,18.81,19.21
HLA-B,24.7,19.31,12.24,11.55,12.34,21.74,13.32,14.08,14.2,12.08,21.81,17.24,13.01,11.29,14.18,22.09,11.35,12.04,13.34,12.57
HLA-C,24.22,22.55,17.82,19.38,20.06,21.31,19.92,15.62,19.43,17.01,21.09,20.21,20.94,19.9,20.9,21.53,19.86,18.38,20.31,18.91
HLA-DMA,18.55,20.16,16.28,20.94,19.05,19.14,18.33,19.52,18.47,19.91,20.71,21,20.19,19.42,19.17,19.49,19.97,18.82,18.31,19.13
HLA-DMB,13.9,8.9,10.77,9.31,7,6.41,7.13,7.15,6.47,8.22,13.22,7.14,14.86,8.31,8.2,7.9,9.78,7.71,7.73,9.39
HLA-DOA,11.02,14.07,6.02,17.96,7,12.02,7.13,14.84,6.47,15.4,6.89,12.46,14,11.08,16.01,12.24,15.52,11.25,13.64,7.6
HLA-DOB,13.85,16.03,5.52,19.36,15.8,12.71,14.98,14.53,6.97,16.34,15.83,15.07,14.24,13.71,15.3,6.61,16.85,12.49,13.87,7.6
HLA-DPA1,17.92,20.19,14.3,20.91,18.21,17.21,15.86,19.47,17.26,18.74,18.08,19.24,19.52,18.25,20.75,17.29,20.07,16.96,16.48,16.48
HLA-DPB1,18.66,19.9,15.37,22.22,19.36,18.86,17.54,20.64,19.09,20.83,20.92,20.52,19.74,19.21,22.25,18.34,20.14,18.45,18.28,19.21
HLA-DQA1,13.83,16.42,12.55,11.93,13.64,15.14,13.8,14.39,6.47,17,13.18,16.16,18.03,9.42,16.75,15.24,15.15,11.94,12.31,15.62
HLA-DQA2,9.22,8.77,9.61,7.15,7,7.2,10.86,7.15,6.47,7.22,6.89,8.14,8.94,6.36,8.2,8.56,11.63,6.42,9.52,8.39
HLA-DQB2,11.3,12.45,5.52,12.05,10.86,6.41,7.13,7.15,6.47,10.71,9.77,10.58,5.93,6.36,14.02,6.61,7.78,7.21,7.73,7.6
HLA-DRA,18.28,19.24,16.5,20.22,17.24,17.98,17.49,19.86,16.71,19.25,19.22,18.79,18.64,18.2,19.97,18.15,18.68,15.73,16.34,16.77
HLA-DRB1,19.57,19.6,17.3,7.15,18.44,17.33,15.56,19.43,16.86,19.21,18.94,19.59,19.69,7.86,17.87,18.98,18.52,20.31,16.12,17.98
HLA-E,24.11,23.54,22.67,24.84,23.38,23.53,23.5,23.86,22.36,23.84,24.56,23.93,22.94,23.43,24.45,23.2,23.63,22.63,21.56,23.08
HLA-F,18.19,16.57,15.66,17.83,12.9,14.74,15.3,13.87,15.22,15.35,15.3,14.58,15.46,18.23,12.75,15.19,15.92,14.46,14.68,15.27
HLA-F-AS1,12.73,13.15,13.34,14.63,12.64,14.16,14.02,13.66,7.97,15.73,12.01,13.56,13.74,13.59,8.7,12.21,15.01,12.2,14.87,15.01
HLA-G,7.4,6.61,5.52,7.15,7,6.41,7.13,7.15,6.47,7.22,6.89,7.14,6.43,6.36,8.2,6.61,7.28,6.42,7.73,8.1
HMBS,16.19,16.54,18.21,17.58,17.68,17.06,17.48,18.49,17.56,17.35,18.16,18.14,17.48,17.31,17.06,16.69,17.56,16.62,17.93,18.3
ICAM1,15.2,15.55,12.89,18.02,10.07,6.91,7.63,15.88,7.47,14.99,15.47,13.41,15.09,15.44,12.33,13.22,16.08,14.49,13.37,14.39
ICOS,11.33,14.23,10.88,15.51,7,9.99,7.13,12.51,6.47,10.02,13.34,7.14,11.28,9.97,8.2,6.61,7.28,9.67,7.73,8.6
ICOSLG,17.12,17.95,16.67,17.48,17.52,15.8,16.48,17.04,16.16,16.91,16.77,17.06,17,16.62,18.53,16.64,17.22,17.65,16.47,16.57
ID2,19.4,18.89,17.37,16.88,17.68,17.68,16.66,17.43,17.13,18.29,15.8,16.34,19.14,19.19,14.21,17.55,17.17,19.21,18.03,17.95
ID3,18.59,18.56,17.92,16.43,15.67,16.13,17.32,17.19,16.25,15.06,15.91,16.84,19.52,17.37,13.35,17.55,17.47,18.14,17.71,17.71
IDO1,13.96,16.01,12.28,15.39,12.24,11.07,14.48,15.59,8.47,14.8,15.48,13.29,13.85,14.77,9.7,12.58,16.31,12.1,15.42,15.1
IDO2,12.72,15.55,5.52,14.93,7,6.41,13.04,15.34,13.82,7.22,14.74,13.66,13.07,13.47,15.67,11.58,7.28,12.24,11.17,7.6
IFI27,21.31,19.15,17.87,17.89,18.99,19.97,18.14,17.31,18.31,20.11,18,17.3,18.65,20.56,17.48,20.33,17.31,20.13,19.41,19.34
IFI35,19.13,18.91,17.83,19.39,19.22,19.17,18.92,19.4,18.89,19.45,19.28,19.33,18.66,18.96,19.52,18.23,18.81,18.12,18.69,19.08
IFI44L,14.31,12.69,5.52,15.45,7,6.41,7.63,11.08,12.65,17.04,15.79,13.65,16.18,14.15,11.46,6.61,15.39,14.97,15.67,13.8
IFI6,15.62,15.49,14.84,16.86,18.55,14.32,14.62,14.13,15.62,18.91,15.89,14.96,17.01,17,14.95,14.21,14.08,15.28,16.93,18.06
IFIH1,16.43,16.07,13.97,15.78,15.74,15.47,15.55,13.67,14.29,16.92,15.56,14.9,16.37,15.46,12.78,14.87,13.89,16.41,15.21,15.03
IFIT1,16.73,14.65,5.52,15.24,13.14,13.47,11.49,14.64,13.39,17.36,15.58,13.61,14.71,14.57,8.2,14.2,15.15,15.82,16.17,15
IFIT2,18.38,16.85,15.62,17.9,16.65,17.25,15.3,18.97,15.59,18.28,17.41,16.74,15.86,17.54,15.42,17.02,15.02,17.71,16.34,15.68
IFIT3,18.01,14.76,15.11,14.41,15.64,15.22,14.6,15.3,14.45,16.56,14.35,11.86,15.65,16.37,12.11,13.57,15.01,15.94,15.16,14.66
IFITM1,20.47,19.65,19.95,20.52,19.42,19.91,21.75,20.45,20.46,20.22,20.13,19.83,19.71,20.56,20.61,20.7,22.11,19.91,22.4,22.2
IFITM2,20.29,18.87,20.92,21.23,21.38,18.81,21.34,22.42,22.53,18.7,21.15,20.56,19.69,20.71,22.85,20.52,21.89,21.1,23.77,21.89
IFNA17,19.15,17.33,19.93,20.36,20.65,20.62,22.34,21.09,21.18,20.18,20.45,19.62,17.75,19.79,20.06,20.88,22.23,19.68,22.11,21.92
IFNB1,18.9,17.15,19.76,20.27,19.68,20.1,21.85,20.53,20.58,19.56,20.04,19.42,17.62,19.72,18.22,20.71,22.08,19.53,22.23,21.89
IFNG,10.89,6.61,6.02,7.15,7,6.41,7.13,11.32,6.47,7.22,6.89,7.14,11.27,12.27,8.2,6.61,11.47,9.5,7.73,11.12
IGF1R,17.21,18.17,18.16,18.03,17.64,17.51,17.76,16.56,17.19,18.42,17.77,17.79,17.75,18.08,18.21,18.09,18.43,18.97,16.99,17.13
IGSF6,12.45,14.91,11.36,14.32,7,6.41,7.13,14.91,6.47,14.28,13.57,13,15.05,11.88,8.2,11.55,15.28,12.38,7.73,12.66
IKZF1,19.83,21.31,17.96,22.67,20.56,19.47,20.93,22.13,20.88,21.18,22.35,21.98,20.47,20.18,20.79,19.3,21.28,19.24,19.83,20.25
IKZF2,18.08,17.65,15.04,17.73,15.07,16.28,15.69,16.65,15.51,17.02,16.09,16.25,16.5,17.91,18.97,16.52,15.39,17,14.98,15.68
IKZF3,16.73,17.54,15.35,19.43,15.74,14.78,15.27,16.67,13.31,18.8,16.6,16.83,16.41,16.33,18.29,13.08,17.38,15.32,14.23,16.45
IKZF4,11.03,12.73,13.4,14.06,10.6,11.96,13.18,12.89,13.71,7.22,6.89,14.37,13.19,13.77,9,11.98,12.34,13.86,13.32,12.57
IL10,12.74,13.74,11.03,14.49,14.72,11.84,7.13,14.16,13.32,16.39,14.7,14.61,15.15,13.61,14.62,14.06,13.87,13.62,12.84,11.7
IL10RA,18.13,19.28,14.22,21.09,18.13,18.19,19.61,20.03,18.52,18.77,20.01,19.64,18.99,18.24,20.16,17.65,19.3,17.89,17.44,18.56
IL12A,14.85,15.51,14.24,16.15,14.36,12.81,15.82,14.44,15.02,15.5,14.9,16.78,13.06,15.15,16.47,15.01,14.95,15.15,15.38,14.71
IL12B,6.4,6.61,5.52,15.38,7,6.41,7.92,13.48,6.47,7.22,13.16,7.14,5.93,6.36,8.2,6.61,7.28,6.42,7.73,7.6
IL13,7.19,12.25,6.02,7.65,9.09,8.36,9.29,7.65,6.97,7.22,8.85,7.94,12.23,10.78,9.2,7.9,10.65,6.92,9.52,13.24
IL15,18,17.34,14.33,16.72,17.67,18.3,16.65,16.34,16.42,17.28,15.46,16.32,16.61,17.89,18.54,16.31,16.49,17.7,17.15,16.82
IL17A,6.4,6.61,5.52,12.94,7,6.41,7.13,7.15,6.47,7.22,6.89,7.14,5.93,6.36,8.2,6.61,7.28,6.42,7.73,7.6
IL17F,6.4,6.61,5.52,7.15,7,6.41,7.13,7.15,6.47,7.22,6.89,7.14,5.93,6.36,8.2,6.61,7.28,6.42,7.73,7.6
IL18,20.97,20.87,18.93,19.87,20.13,20.41,20.06,20.18,20.37,21.68,19.97,20.14,20.13,20.66,17.63,20.78,19.35,20.07,19.99,19.7
IL1A,9.96,10.93,5.52,7.15,7,12.67,7.13,13.42,6.47,7.22,6.89,12.4,10.36,6.36,8.2,6.61,7.28,12.22,7.73,7.6
IL1B,10.94,14.36,5.52,16.57,11.86,14.06,7.13,16.76,12.39,15.65,12.83,12.66,15.07,13.24,13.55,13.17,14.8,12.98,11.11,7.6
IL2,8.4,13.22,5.52,13.15,7,6.41,7.13,11.36,6.47,12.15,13.17,9.1,11.35,6.36,8.2,6.61,7.28,9.31,7.73,7.6
IL21,6.4,6.61,5.52,7.15,7,11.13,7.13,7.15,6.47,7.22,13.31,7.14,5.93,6.36,8.2,6.61,7.28,6.42,7.73,7.6
IL22,9.42,7.61,9.89,10.05,7.5,10.36,12.15,9.15,9.99,7.72,9.35,9.71,7.93,9.85,8.2,10.96,12.86,8.82,12.95,12.62
IL23A,9.22,11.56,8.68,11.96,11.98,6.91,10.12,7.15,6.47,7.22,6.89,7.14,12.88,11.26,8.2,8.19,11.66,12.13,12.69,14.46
IL2RA,12.05,17.44,14.6,18.16,12.98,13.96,7.63,14.67,15.33,17.38,15.07,16.32,15.11,13.99,8.2,6.61,14.41,12.95,12.15,12.14
IL2RB,17.28,18.48,15.2,19.62,18.11,17.61,18.84,18.11,17.28,17.82,18.88,18.37,17.39,17.86,19.37,16.3,17.68,16.67,16.96,17.49
IL2RG,20.28,19.95,16.92,20.22,17.97,19.15,18.94,18.91,17.44,18.62,18.99,19.08,18.51,19.56,16.88,19.11,17.93,19.44,18.28,18.06
IL3RA,15.93,16.49,10.91,16.99,14.29,16.46,16.16,14.81,14.67,16.03,15.14,15.29,13.36,16.64,15.29,13.85,14.9,17.07,15.19,16.26
IL4,6.4,11.91,5.52,7.15,12.83,6.41,7.13,7.15,6.47,7.22,6.89,7.14,5.93,6.36,8.2,6.61,7.28,10.72,7.73,7.6
IL6,6.4,11.82,5.52,12.03,12.82,6.41,7.13,7.15,14.24,14.83,6.89,13.8,12.46,12.23,8.2,6.61,13.18,11.15,8.23,7.6
IL7,18.63,18.75,17.19,18.31,17.5,19.01,18.41,18.36,17.98,18.54,17.49,17.51,18.26,18.14,17.83,18.48,17.26,18.74,17.59,18.07
IL7R,16.02,19.16,14.28,20.45,15.95,14.22,14.99,17.43,13.8,19.21,17.47,15.47,16.24,17.24,15.5,7.9,16.86,13.56,14.02,14.33
IRF1,21.43,19.97,18.01,19.81,19.88,20.23,19.26,19.99,18.79,21.09,19.87,19.86,19.58,20.04,20.34,20.22,19.04,19.78,18.88,19.79
IRF4,17.81,19.72,13.26,19.81,18.16,16.46,19.63,21.32,20.05,19.97,20.27,21.54,19.81,18.28,18.58,17.25,19.63,19.02,19.42,20.43
IRF9,20.35,19.28,18.7,19.6,19.36,20.22,19.87,19.5,19.26,20.34,19.45,19.01,19.08,20.27,20.54,18.92,18.93,19.5,20.06,19.77
IRS1,14.46,15.08,11.57,16.36,14.87,15.09,16.02,16.54,15.64,15.92,17.18,16.27,16.06,14.43,17.9,14.72,15.78,15.26,14.03,16.03
ISG15,18.92,17.66,12.25,16.35,15.97,16.76,13.7,16.43,12.96,19,14.75,15.08,16.56,17.76,16.61,15.92,14.75,16.67,17.35,16.29
ISG20,19.54,19.05,17.01,19.59,18.73,19.69,20.2,19.61,18.58,19.68,19.82,20.07,19.14,19.64,21.4,19.2,19.55,18.72,18.77,19.04
ITGA1,20.23,20.57,19.58,21.19,19.64,19.63,19.91,20.92,19.97,20.64,21.22,20.67,20.08,20.12,20.11,18.47,20.96,20.36,19.69,20.42
ITGAE,16.55,16.75,16.26,16.85,15.79,15.93,16.24,15.72,15.86,17.18,16.45,15.51,16.53,17.13,13.52,15.4,16.63,16.7,15.37,16.4
ITGAL,18.61,20.12,15.98,20.88,17.29,16.47,17.41,18.52,16.65,19.45,19.9,19.41,18.98,18.4,19.62,16.2,18.61,17.3,17.3,18.46
ITGAM,15.75,18.55,15.1,19.48,18.45,17.53,16.68,18.88,17.97,18.3,17.81,19.44,18.35,17.11,17.9,17.67,19.15,17.23,17.4,18.63
ITGAX,16.54,17.22,13.39,19.33,15.4,15.25,15.73,18.25,16.41,16.59,17.74,16.72,17.67,16.58,18.84,15.66,17.89,16.29,15.74,17.04
ITGB1,20.34,20.59,19.49,19,18.95,19.88,19.17,18.8,18.91,19.86,19.05,19.67,20.31,20.37,17.49,19.8,19.05,20.53,19.18,18.6
ITGB2,15.59,17.59,13.08,18.74,13.96,13.99,15.48,16.75,15.06,17.48,18.11,16.97,17.08,15.61,18.96,14.82,17.33,14.66,14.48,16.43
ITGB7,17.25,16.85,14.38,19.08,15.25,14.57,13.36,16.17,15.34,17.87,18.04,17.13,17.64,16.81,14.55,14.69,16.44,15.13,12.86,16.53
ITK,17.04,18.44,14.65,19.61,15.69,15.04,15.79,17.92,16.26,18.55,17.64,18.29,16.76,17.22,17.68,14.49,17.12,15.17,13.77,15.59
JAML,15.76,16.27,5.52,17.09,15.75,14,10.08,16.09,15.05,16.53,17.12,16.72,14.46,15.53,14.38,13.45,17.16,13.48,13.93,13.5
JCHAIN,18.15,19.78,10.99,18.8,17.83,17.08,19.93,18.88,20.16,20.37,20.37,20.79,20.43,21.05,16.87,17.01,19.94,18.94,18.6,19.92
KIAA0101,15.29,16.26,17.66,15.09,15.26,14.56,14.26,14.33,15.75,16.55,15.53,16.25,15.69,15.55,11.2,14.16,15.99,15.94,16.22,16.05
KIR2DL1,6.4,6.61,5.52,7.15,7,11.22,7.13,7.15,6.47,7.22,6.89,7.14,5.93,6.36,8.2,6.61,7.28,6.42,7.73,7.6
KIR2DL2,6.4,6.61,5.52,7.15,7,6.91,7.13,7.15,6.47,7.22,6.89,7.14,5.93,6.36,8.2,6.61,7.28,6.42,7.73,7.6
KIR2DL3,6.4,6.61,5.52,7.15,7,6.41,7.63,7.15,6.47,7.22,6.89,7.14,5.93,11.97,8.2,6.61,7.28,6.42,7.73,7.6
KLF2,16.22,16.36,14.43,18.21,17.06,15.8,16.37,17.13,15.35,17.75,16.37,17.35,16.75,16.07,18.65,16.83,16.54,16.89,16.27,17.03
KLRB1,15.07,16.4,14.55,17.8,7,15.05,7.13,13.82,15.28,16.57,13.71,13.42,15.28,17.41,13.79,11.91,7.28,13.92,12.79,12.92
KLRD1,16.44,15.47,14.39,16.78,14.99,13.76,14.58,15.64,14.53,13.45,17.21,15.41,15.94,16.77,12.24,6.61,16.31,14.61,13.31,15.96
KLRF1,10.85,6.61,5.52,11.24,7,13.34,7.13,7.15,6.47,7.72,12.23,13.65,10.32,13.28,13.49,6.61,12.95,9.41,7.73,13.06
KLRG1,15.5,18.82,14.92,19.13,15.8,14.73,15.28,17.03,16.38,16.84,17.61,17.99,18.3,16.78,17.08,14.31,17.85,15.99,15.27,17.29
KLRK1,18.61,18.46,15.58,18.93,15.17,15.84,16.11,17.73,16.99,18.1,18.72,17.03,17.87,18.47,16.41,14.64,14.22,16.81,16.18,16.18
KREMEN1,16.85,17.43,17.54,17.61,16.72,16.81,17.97,16.66,17.62,16.69,16.7,17.55,16.75,17.41,15.28,16.6,17.53,16.86,16.11,16.6
KRT5,9.88,8.4,10.18,12.06,7,7.41,11.85,8.15,6.97,7.22,6.89,9.89,9.09,8.52,8.7,10,13.1,7.71,13.59,14.8
KRT7,11.25,11.58,14.38,12.26,15.01,12.82,13.89,7.15,6.47,7.22,6.89,14.41,13.74,6.36,8.2,10.61,7.28,14.43,13.01,12.66
LAG3,15,16.83,15.75,17.99,14.25,14.57,14.77,17.46,16.16,14.77,16.61,16.74,15.85,16.16,18.16,12.32,15.97,14.13,15.01,16.32
LAMP1,19.01,18.78,17,17.72,16.15,17.82,16.97,16.28,16.68,17.23,17.18,17.39,19.01,18.57,15.83,18.71,17.46,18.81,17.26,16.7
LAMP3,6.4,16.55,6.02,15.1,10,11.86,13.67,15.96,6.47,7.22,13.77,12.17,12.39,11.53,14.86,10.86,12.7,11.25,13.76,7.6
LAPTM5,18.25,19.46,15.74,21.26,18.02,16.88,17.06,19.6,17.74,19.59,19.64,18.94,18.9,18.57,20.36,17.59,18.65,17.01,15.67,17.78
LCK,12.12,10.38,13.55,14.01,7.5,13.21,14.88,11.24,11.47,9.18,12.16,13.94,10.17,13.67,8.2,13.31,15.35,12.68,15.77,15.53
LCN2,17.35,16.89,16.91,17.42,15.48,18.62,14.72,14.54,16.07,17.66,14.18,14.14,17.59,20.38,14.82,17.07,16.3,17.29,15.66,15.5
LEXM,17.04,17.2,16.28,16.67,17.5,16.1,17.68,17.43,17.04,16.76,16.46,16.28,17.19,16.59,17.8,15.88,15.8,17.28,16.46,15.67
LILRB1,17.86,18.31,14.55,20.28,19,18.44,19.87,20.59,19.47,19.53,20.79,20.49,19.3,18.4,22.31,18.38,19.51,18.2,18.65,19.08
LILRB2,14.24,15.19,5.52,16.55,12.38,13.36,7.63,13.99,14.76,13,16.61,15.14,16.42,14.83,16.62,13.61,15.21,13.6,14.33,15.42
LMNA,21.6,21.97,21.75,21.73,21.76,21.49,22.07,21.71,21.73,21.77,21.73,22.53,22,21.7,22.2,21.83,21.71,21.75,21.57,21.85
LRG1,17.25,16.12,13.96,13.07,13.62,14.29,14.08,11.24,14.11,14.85,12.29,8.44,17.46,16.3,11.22,14.05,13.01,16.26,13.22,14
LRP1,21.57,21.49,21.53,21.23,21.86,22.26,21.72,21.79,21.35,21.88,21.76,22.08,21.79,21.58,21.83,22.05,21.78,21.61,21.46,21.82
LST1,14.71,14.76,6.52,17.77,14.73,13.26,7.13,15.17,14.01,7.72,16.79,15.34,14.32,14.71,16.28,14.26,15.85,12.65,13.05,15.28
LY9,15.42,15.58,6.02,16.91,14.29,14.08,16.41,15.85,14.46,14.34,16.84,16.48,15.3,13.91,12.55,13.72,16.02,14.48,15.69,15.22
LYZ,17.92,19.87,17.8,19.67,25.09,18.68,18.78,19.87,18.26,19.91,19.92,18.78,19.26,18.89,21.35,19.3,20.56,17.36,17.57,18.47
M6PR,19.25,19.87,19.12,19.97,18.94,17.73,18.5,17.89,18.17,19.56,18.95,19.92,19.41,19.27,20.24,18.87,19.4,19.34,18.68,18.72
MAD2L1,19.43,18.34,19.68,20.62,18.39,19.7,22.32,20.13,20.11,18.79,20.05,19.9,18.24,19.73,15.08,21.18,22.78,19.6,22.67,22.53
MADCAM1,10.56,14.38,5.52,15.6,14.61,12.36,16.22,12.52,13.04,15.85,15.1,16.42,13.76,13.69,16.77,15.04,13.4,15.01,15.49,16.72
MAGEA1,6.4,6.61,5.52,7.15,7,6.41,7.13,7.15,6.47,7.22,6.89,7.14,5.93,6.36,8.2,6.61,7.28,6.42,7.73,7.6
MAGEA10,8.35,6.61,7.61,8.81,8,8.99,9.51,8.82,9.53,8.38,8.85,7.64,7.22,7.65,8.2,9.19,10.92,8.5,10.93,10.26
MAGEA12,6.4,6.61,5.52,7.15,7,6.41,7.13,7.15,6.47,7.22,6.89,7.14,5.93,6.36,8.2,6.61,7.28,6.42,7.73,7.6
MAGEA3,6.4,6.61,5.52,7.15,7,6.41,7.13,7.15,6.47,7.22,6.89,7.14,5.93,6.36,8.2,6.61,7.28,6.42,7.73,7.6
MAGEA4,6.4,6.61,5.52,7.15,7,6.41,7.13,7.15,6.47,7.22,6.89,7.14,5.93,6.36,8.2,6.61,7.28,6.42,7.73,7.6
MAGEC2,6.4,6.61,5.52,7.15,7,6.41,7.13,7.15,6.47,7.22,6.89,7.14,5.93,6.36,8.2,6.61,7.28,6.42,7.73,7.6
MAPK1,19.4,19.22,16.56,17.28,17.06,19.27,17.64,16.62,16.59,18.7,17.09,16.48,18.41,19.54,16.64,19.19,16.61,19.19,17.85,17.25
MAPK14,19.62,19.5,18.73,19.34,19.7,20.24,19.85,19.46,19.35,19.67,18.87,19.23,19.31,19.54,20.73,20.24,19.16,20.01,19.41,19.1
MELK,17.14,18.13,19.22,17.23,18.7,17.71,16.57,17.36,17.86,18.24,17.94,18.92,17.03,17.08,15.58,16.57,17.95,19.05,18.8,17.6
MIF,17.94,18.77,18.02,17.72,17.95,16.94,17.76,16.56,16.33,18.37,16.92,17.6,18.99,19.01,17.21,18.04,17.41,18.12,17,16.87
MKI67,14.88,16.71,18.96,15.14,16.61,16.38,14.93,14.99,16.33,16.38,13.59,15.94,14.4,14.96,12.71,12.41,16.43,16.4,16.11,14.77
MLANA,6.4,6.61,5.52,7.15,7,6.41,7.13,7.15,6.47,7.22,6.89,7.14,5.93,6.36,8.2,6.61,7.28,6.42,7.73,7.6
MMP2,16.09,16.79,14.13,17.56,15.66,16.27,13.77,17.29,17.36,16.44,17.5,17.36,17.7,16.97,18.7,15.51,18.51,16.95,16.34,16.63
MMP9,13.42,16.46,11.4,17.4,12.72,13.04,13.9,15.12,8.87,16.19,13.27,11.18,12.41,12.55,14.96,12.3,14.93,11.13,15.34,15.34
MPO,6.4,6.61,11.47,12.69,7,6.41,14.42,7.15,6.47,7.22,6.89,7.14,5.93,10.86,8.2,6.61,7.28,6.42,7.73,13.3
MRC1,17.01,17.83,11.24,17.73,15.5,16.25,16.56,18.47,17.98,17.59,17.82,17.64,18.69,16.73,19.95,17.07,18.98,17.41,17.41,16.98
MS4A1,6.4,15.82,5.52,19.19,12.94,6.41,7.63,7.15,6.97,17.2,6.89,7.14,5.93,13.64,10.16,6.61,7.28,6.42,7.73,7.6
MTOR,18.72,19.31,18.68,19.23,18.4,18.82,17.41,18.71,18.4,18.91,18.65,18.68,18.95,18.85,15.56,18.57,19.19,19.26,18.76,18.66
MX1,19.55,19.33,18.6,19.86,18.72,19.27,19.34,18.81,18.89,21.3,19.57,19.45,19.65,20.02,19.51,18.83,19.46,18.22,19.59,20.57
MYC,16.55,18.57,19.65,18.74,18.49,17.98,17.6,17.43,17.61,18.58,17.99,19.48,16.62,17.28,16.98,15.75,18.3,17.95,17.45,17.23
NCAM1,17.72,18.21,16.14,19.56,19.04,18.99,19.57,19.48,18.71,19.39,20,20.25,18.2,18.21,21.7,18.65,19.87,18.49,18.69,19.17
NCF1,21.05,21.92,19.22,24.55,23.16,23.08,23.88,23.97,23.18,23.61,24.51,24.16,22.38,22.12,24.45,23.48,24.29,21.03,22.83,23.23
NCR1,11.04,12.92,5.52,14.77,7.5,12.28,7.13,7.15,6.47,7.22,12.26,11.06,13.11,13.32,14.08,6.61,11.67,12.52,7.73,7.6
NCR3,6.4,6.61,5.52,15.21,7,6.41,7.13,7.15,6.47,7.22,6.89,7.14,11.61,6.36,8.2,6.61,7.28,11.15,7.73,8.1
NECTIN2,18.92,17.86,15.17,16.27,16.12,18.18,15.33,13.47,15.51,16.53,15.47,15.45,17.84,18.14,16.83,19.04,12.48,17.7,16.57,15.73
NFATC1,7.19,6.61,12.48,15.27,12.19,11.71,12.53,12.08,7.26,14.18,6.89,13.23,13.49,6.36,14.13,13.14,7.28,13.52,10.64,11.71
NFKBIA,20.12,20.16,18.96,20.85,20.02,20.78,20.19,20.25,19.45,20.93,19.81,20.56,19.63,20.58,21.13,20.05,19.95,20.24,19.5,19.54
NKG7,16.9,16.66,14.43,16.59,14.57,14.14,13.19,15.4,9.72,15.14,17.23,16.37,15.96,16.97,16.33,14.61,15.33,14.79,14.87,15.62
NOS2,14.81,18.24,17.12,17.34,18.46,17.35,16.37,12.36,15.66,17.85,15.48,17.07,13.54,16.66,16.46,7.9,13.7,18.46,16.1,15.02
NOTCH3,16.71,18.59,15.51,19.67,19.07,17.92,19.72,19.28,18.41,19.58,19.28,19.71,18.48,18.16,20.95,17.38,19.05,18.8,18.03,19.98
NRP1,18.41,18.98,17.95,19.74,18.77,18.85,18.81,20.32,19.39,19.9,20.59,21.09,19.69,18.85,19.69,18.8,20.45,19.4,18.68,19.71
NT5E,18.06,18.41,16.51,15.64,16.23,17.02,15.92,16.04,14.11,14.36,14.97,15.88,16.23,17.92,17.54,18.44,7.28,17.99,15.47,15.33
NTN3,9.14,10.68,8.75,13.5,7,9.87,11.13,9.11,9.03,7.72,11.66,8.94,12.58,9.52,15.34,10.31,11.88,10.08,13.21,11.81
OAS1,21.33,20.73,17.99,18.99,18.83,21.07,19.93,19.15,19.18,20.46,18.64,19.05,20.18,21.01,16.55,21.22,18.48,21.32,20.06,19.26
OAS2,16.19,16.75,13.16,17.31,7,6.91,13.83,15.02,15.01,17.25,15.57,16.2,16.17,16.16,10.9,13.85,16.26,15.72,15.95,15.82
OAS3,18.87,18.93,17.88,19,18.62,18.15,18.56,17.69,18.15,19.62,17.28,18.47,18.78,18.98,20.01,18.19,17.9,18.08,19.45,18.66
PDCD1,11.2,14.54,10.25,15.59,12.81,6.41,15.04,14.53,11.61,13.86,12.87,14.62,12.11,11.19,15.68,11.54,11.32,8.62,11.81,7.6
PDCD1LG2,6.4,14.12,5.52,14.37,7,6.41,7.13,7.15,12.14,14.59,13.24,12.13,13.83,11.92,8.2,6.61,12.6,10.45,12.32,12.9
PECAM1,20.29,18.6,20.12,21.14,21.48,20.02,23.74,21.26,22.48,21.44,21.75,21.07,18.53,21.52,17.43,21.46,24.01,20.71,24.12,23.84
PGF,11.86,14.47,12.05,17.57,15.31,15.03,16.58,15.09,11.88,15.34,15.79,16.55,15.69,14.36,18.74,14.28,15.96,15,15.57,16.54
PIK3CA,17.66,18.12,17.36,18.51,17.62,17.31,17.74,17.7,17.58,18.27,17.63,17.09,17.58,18,15.08,17.12,17.01,18.01,16.8,16.95
PIK3CD,17.42,18.56,16.19,20.49,17.25,16.54,14.79,18.76,16.45,17.66,19.03,18.81,17.95,17.54,19.33,14.88,18.02,16.26,16.17,17.81
PMEL,14.92,14.83,14.62,11.03,15.29,14.47,15.2,7.65,13.96,8.81,14.89,14.74,13.66,14.84,9,13.8,15.38,15.13,16.41,16.06
POLR2A,21.03,20.67,20.34,21.1,22.06,21.66,20.68,21.74,21.83,21.66,21.38,21.02,20.27,20.45,23.66,20.22,20.22,20.43,20.14,19.82
POU2AF1,19.57,20.36,14.29,22.33,20.06,17.71,21.39,21.36,20.43,21.54,22.33,22.73,20.72,20.01,20.52,20.33,22.11,20.65,20.51,21.29
PRDM1,16.81,18.26,14.03,18.44,17.33,16.6,18.15,18.36,17.73,18.81,18.46,18.82,18.54,17.6,19.01,16.26,19.31,17.96,16.32,18.53
PRF1,14.55,14.42,11.78,14.06,12.28,12.26,7.13,11.7,6.47,13.85,13.56,13.86,13.67,13.21,13.31,6.61,11.02,11.53,8.73,13.06
PSMB9,19.99,19.19,18.44,20.64,19.23,19.29,18.44,19.45,19.03,19.34,19.75,19.51,18.53,19.73,20.61,17.84,18.78,18.32,18.01,18.16
PTEN,19.82,19.6,19.72,19.45,18.59,19.91,21.22,19.74,19.48,18.8,19.33,18.77,19.27,19.78,14.26,19.97,21.02,19.72,21.14,21.22
PTGS2,13.34,13.73,10.59,16.69,13.97,16.23,8.72,15.81,14.82,14.91,15.06,16.49,15.21,15.31,14.35,13.24,16.15,16.08,11.87,14.89
PTK7,15.43,18.05,17.61,18.11,17.02,17.19,17.73,17.89,17.05,17.82,18.61,18.58,17.97,16.78,17.81,16.31,18.26,17.61,18.09,18.32
PTPN11,18.76,19.06,19.08,19.32,18.72,19.17,20.23,18.7,18.93,19.1,18.99,19.12,18.95,19.12,16.55,19.78,20.76,19.12,20.99,20.85
PTPN6,20.44,21.68,17.86,23.13,21.64,21.44,21.9,22.12,21.35,22.1,22.83,22.9,20.99,21.18,23.06,21.16,21.84,20.72,21.28,21.7
PTPN7,18.55,20.05,18.52,22.13,20.87,19.97,20.65,21.58,19.94,20.53,21.62,21.06,19.41,19.87,20.28,19.52,20.85,18.83,19.4,20.55
PTPRC,15.4,17.35,14.18,21.11,16.58,16.99,17.49,17.57,17.4,18.96,18.07,17.29,17.11,16.14,20.29,16.12,16.85,15.33,15.6,16.51
PTPRCAP,6.4,11.35,10.52,12.56,10.49,6.41,7.13,7.15,6.47,12.79,6.89,7.14,5.93,11.93,8.2,13.69,12.92,10.62,7.73,12.62
PVR,19.52,19.71,19.19,18.99,19.91,19.95,19.98,19.98,19.75,18.98,19.13,19.8,19.65,18.74,21.34,19.65,19.6,20.39,19.52,19.41
PYGL,19.24,18.9,20.62,20.5,19.54,20.61,19.46,20.64,20.13,20.68,20.46,21.08,18.96,20.18,19.18,19.84,20.24,19.27,19.41,20.44
RB1,17.56,18.21,17.24,18.59,16.54,17.28,16.42,17.04,17.62,18.14,17.35,17.67,17.3,18.01,15.92,16.83,17.11,18.18,17.19,17.03
RORC,17.25,17.41,17.46,18.94,18.19,16.53,17.15,18.02,17.17,16.31,16.41,17.22,17.5,18.17,18.11,17.05,18.19,17.08,17.12,17.03
RPS6,20.07,20.63,21.17,20.01,20.67,19.06,18.94,18.53,19.32,21.63,17.88,17.99,21.61,21.95,19.19,19.85,19.56,20.32,19.64,18.86
S100A8,9.56,8.77,13.77,15.76,13.94,13.56,15.15,15.15,6.47,15.1,7.39,8.73,10.83,13.06,16.31,9.56,14.67,7.71,13.85,14.9
S100A9,6.4,13.39,13.57,17.14,13.87,14.42,12.94,14.84,14.23,17.05,12.3,14.12,13,14.57,13.82,14.06,16.14,11.9,13.14,16
SAMHD1,17.44,17.47,14.6,17.41,14.65,15.66,16.31,18.08,14.95,17.31,18.3,16.88,18.41,17.2,17.49,15.56,17.51,16.36,14.12,16.4
SDHA,20.86,20.44,19.33,19.43,19.16,19.66,18.49,19.01,19.04,19.59,19.03,19.53,20.41,20.46,19.17,19.61,18.91,20.23,19.13,18.53
SELL,6.4,11.47,8.31,14.21,9.73,6.41,11.91,7.15,9.64,15.26,6.89,7.14,5.93,11.41,14.64,6.61,8.57,7.71,7.73,8.1
SH2D1A,13.03,15.58,12.34,16.25,11.86,6.41,8.13,13.62,6.97,15.6,13.13,14.83,13.16,13.45,8.7,11.84,11.18,9.87,11.93,7.6
SH2D1B,12.58,14.19,5.52,16.41,7.5,13.86,13.14,12.1,6.47,14.23,14.07,14.81,13.73,15.18,8.2,11.87,13.05,13.7,13.41,14.44
SIT1,13.02,15.7,5.52,17.36,15.17,13.62,7.63,14.59,13.18,15.77,15.4,13.76,14.28,14.29,16.62,6.61,13.81,13.54,12.66,7.6
SKAP2,18.46,18.78,15.53,17.7,16.57,16.99,16.96,16.76,17.23,17.29,17.25,16.84,18.42,18.26,13.98,17.32,17.39,18.94,17.32,17.22
SLAMF7,17.13,18.03,15.01,18,13.25,7.91,17.02,17.94,16.95,17.7,18.2,17.89,18.9,17.97,16.4,14.81,18.28,16.36,16,17.44
SLAMF8,14.64,15.54,6.02,17.13,11.29,12.53,7.13,16.2,14.98,15.58,17.25,14.92,16.88,15.13,17.52,14.66,16.26,14.51,13.02,13.99
SNAI1,6.4,10.66,11.06,13.43,11.67,6.91,7.13,13.28,13.04,7.22,15.67,12.91,13.63,12.23,8.2,12.13,13.43,13.53,12.28,13.27
SNAI2,10.98,15.24,5.52,14.64,14.73,12.36,10.99,14.2,13.72,7.22,15.52,15.45,16.16,14.28,15.68,12.91,16.14,14.69,14.44,12.28
SRGN,15.11,17.63,12.79,18.48,16.97,16.21,16.14,18.12,16.55,18.25,17.58,17.21,16.87,16.78,16.12,16.66,17.17,15.16,14.45,15.59
SSX2,6.4,6.61,5.52,7.15,7,6.41,7.13,7.15,6.47,7.22,6.89,7.14,5.93,6.36,8.7,6.61,7.28,6.42,7.73,7.6
STAT1,21.16,20.56,19.36,21.06,19.35,19.56,19.96,20.28,19.37,21.03,21.3,20.19,19.86,20.81,17.75,19.5,19.57,20.3,19.97,20.13
STAT3,20.68,20.48,19.07,20.74,20.75,20.76,20.08,19.81,19.58,20.61,20.25,20.32,19.95,21.09,19.95,20.23,19.8,19.97,19.97,20.14
STAT4,16.78,17.69,14.3,19.18,16.52,15.14,14.37,17.96,15.92,17.17,18.13,17.61,17.06,16.27,17.64,15.67,16.28,15.82,15.15,17.27
STAT5A,18.4,18.99,19.12,20.5,19.12,18.74,19.72,19.69,18.56,19.58,19.54,19.76,18.8,18.38,19.72,17.87,19.4,18.54,18.54,18.96
STAT6,21.02,21.71,20.56,21.7,21.53,21.9,20.88,20.89,20.75,21.12,20.42,20.69,20.75,21.35,20.83,21.62,20.94,21.45,20.34,20.31
TAGAP,15.89,16.45,13.74,18.26,13.07,12.43,13.92,17.75,8.06,17.27,16.39,16.78,15.77,16.27,17.14,12.74,16.43,15.19,10.69,12.53
TAP1,20.71,19.28,17.66,19.7,18.4,19.46,17.8,18.74,17.42,19.94,18.86,18.18,18.45,20.34,19.56,18.73,17.98,19.23,18.12,17.77
TARP,17.75,17.66,15.5,18,15.67,13.38,14.74,17.06,16.43,15.74,17.34,16.64,16.11,17.73,18.33,12.48,15.72,16.48,14.55,15.85
TBP,18.08,18.78,17.86,17.77,16.97,17.64,16.61,16.84,17.36,16.68,16.57,16.39,18.4,17.61,16.07,17.95,17.86,18.42,17.58,17.08
TBX21,15.49,16.54,14.17,18.16,14.95,12.9,15.1,17.79,13.54,14.06,18.39,16.86,16.3,16.18,17.32,14.12,15.83,14.74,13.45,16.21
TCF7,16.41,18.85,17.27,19.78,17.55,17.71,17.71,17.98,16.71,18.15,18.38,17.59,16.85,15.93,17.79,15.84,17.4,15.75,16.3,16.57
TDO2,6.4,14.71,5.52,14.87,7.5,6.41,7.13,16.17,13.91,15.28,13.84,13.96,14.01,12.14,14.04,12.13,14.49,13.97,13.63,13.61
TFRC,21.6,21.82,20.87,20.62,20.64,20.71,21.39,20.6,20.63,20.22,20.26,20.81,20.58,21.12,19.54,21.65,20.07,21.36,20.92,20.24
TGFB1,17.79,18.52,15.86,20.3,17.78,16.76,17.09,19.17,17.8,18.95,19.33,19.32,18.72,17.95,17.87,16.17,18.6,17.69,16.5,17.82
TIGIT,14.7,16.1,5.52,17.59,7.5,6.41,7.63,13.52,7.47,7.22,14.92,13.9,13.93,15.92,14.45,6.61,12.69,12.48,11.68,13.17
TLR3,16.84,16.14,6.02,11.85,12.41,13.91,13.46,12.41,12.51,13.94,12.45,12.25,14.52,15.53,9.79,13.92,12.25,15.51,13.01,8.6
TLR7,11.99,6.61,5.52,13.36,7,6.41,7.13,7.15,6.47,7.22,13.16,7.14,14.4,6.36,10.37,10.82,12.86,6.42,7.73,7.6
TLR8,10.84,6.61,5.52,11.88,12.02,6.41,7.13,13.27,6.47,7.72,12.32,7.14,13.43,11.55,11.19,6.61,12.54,11.94,7.73,11.3
TLR9,13.67,14.62,10.71,17.81,13.47,12.38,14.78,15.06,14.4,15.7,15.81,15.98,15.57,12.05,16.51,13.11,15.16,14.36,14.87,15.24
TNF,14.14,15.62,5.52,17.3,13.16,14.35,7.13,16.41,6.47,15.67,16.39,7.14,14.87,13.69,16.89,13.2,15.44,14.36,12.56,8.1
TNFAIP8,14.95,16.43,13.74,16.1,14.97,14.49,7.13,14.63,13.22,17.5,14.97,15.39,15.72,14.81,15.26,6.61,7.28,13.91,7.73,7.6
TNFRSF14,20.92,20.93,20.01,20.54,20.51,20.54,20.21,20.7,20.73,20.4,20.47,21.01,20.76,20.32,20.65,20.34,20.46,20.4,20.17,20.67
TNFRSF17,15.18,16.21,5.52,15.36,7,12.28,16.52,12.67,15.88,15.67,16.64,16.23,16.46,16.32,11.41,6.61,17.02,13.84,14.13,16.57
TNFRSF18,15.74,17.05,11.64,17.37,16.48,14,16.83,17,16.6,17.77,17.78,18.92,17.6,16.63,18.84,13.84,16.88,15.39,16.28,17.3
TNFRSF4,14.56,15.99,13.17,17.95,12.25,14.84,13.53,17.27,15.02,16.21,16.26,15.49,15.1,14.75,19.03,7.11,13.41,14.02,14.17,16.16
TNFRSF9,13.31,14.48,5.52,14.97,7,6.41,7.13,14.25,6.47,7.22,13.2,11.92,13.08,14.71,8.2,12.22,7.28,12.54,7.73,7.6
TNFSF10,21.57,20.72,19.16,19.38,20.32,21.53,20.63,19.79,19.98,20.16,19.44,20.38,19.67,20.72,19.3,20.56,19.45,21.11,20.07,19.36
TNFSF13B,14.79,15.17,15.13,15.44,14.28,13.48,16.79,13.62,12.94,13.08,13.65,14.37,15.06,14.73,10.9,14.99,17.28,14.33,17.34,17.32
TNFSF14,6.4,12.91,6.31,17.01,7,13.42,7.63,7.15,6.47,13.79,7.39,11.96,6.43,6.36,12.82,7.11,7.78,12.94,10.69,9.26
TNFSF18,6.4,11.18,6.02,7.15,12.06,6.41,7.63,14.4,6.97,7.22,6.89,7.14,11.24,6.36,8.2,6.61,12.1,13.15,7.73,7.6
TNFSF4,12.71,12.33,5.52,12.52,11.24,6.41,7.13,11.28,10.69,7.22,6.89,7.14,5.93,11.61,12.96,13.86,12.65,14.33,11.02,7.6
TNFSF9,10.65,13.27,10.7,15.24,13.83,11.68,7.13,11.82,6.47,7.22,12.63,12.83,14.45,12.63,8.2,11.97,14.7,12.98,11.72,12.62
TOP2A,16.16,17.72,19.96,15.9,17.65,16.72,15.89,15.33,16.53,17.29,15.79,18.13,16.5,16.2,15.96,12.89,17.42,18.58,18.12,16.39
TP63,6.4,6.61,5.52,13.69,7,6.41,7.13,7.15,6.47,7.22,12.95,7.14,5.93,6.86,8.2,6.61,7.28,6.42,7.73,7.6
TRIM29,12.87,16.8,14.85,15.28,15.47,14.7,16.75,7.15,6.47,7.72,13.66,15.81,13.77,12.76,14.23,6.61,7.28,14.56,14.77,8.1
TUBB,20.75,19.55,20.87,21.1,21.35,21.4,22.91,21.36,21.88,21.27,21.11,20.5,19.91,20.67,20.95,21.72,22.94,20.71,23.05,22.77
TWIST1,6.4,13.64,5.52,11.91,7,10.88,7.13,7.15,6.47,7.22,6.89,7.14,11.28,10.64,16.05,6.61,12.59,11.12,11.52,7.6
TYROBP,16.9,18.2,14.61,19.03,17.38,17.53,16.13,18.79,16.78,17.26,18.38,18.94,18.59,17.25,19.77,17.35,18.54,16.74,15.85,17.41
VCAM1,13.21,15.07,5.52,16.1,7,6.41,7.13,15.89,6.97,16.2,15.32,15.18,15.23,14.76,16.51,6.61,13.8,15.07,11.02,14.34
VEGFA,21.15,22.17,21.34,21.66,22.84,22.22,21.82,21.81,21.01,21.54,21.3,21.39,21.44,21.86,21.27,21.22,21.37,22.19,21.05,21.04
VTCN1,6.4,6.61,6.02,7.15,7,6.41,8.54,7.15,6.47,7.22,6.89,7.14,5.93,6.36,8.2,6.61,7.28,6.42,7.73,8.1
XAGE1B,6.4,6.61,5.52,7.15,7,6.41,7.13,7.15,6.47,7.22,6.89,7.14,5.93,6.36,8.2,6.61,7.28,6.42,7.73,7.6
ZAP70,17.58,18.59,14.79,20.08,16.35,14.96,16.28,17.9,16.33,17.85,19.03,18.28,17.27,17.46,18.52,14.54,17.44,15.99,15.35,17.71
ZBTB46,15.02,15.46,13.47,17.16,13.38,15.05,15.67,15.89,15.14,14.79,17.35,16.83,17.26,15.55,18.81,14.05,16.56,15.25,15.35,15.14
ZEB1,17.06,18.14,14.12,19.46,15.73,16.12,15.69,18.14,17.01,17.35,17.72,17.9,18.31,16.86,14.42,14.65,17.56,17.76,16.43,17.75
