"","PC1","PC2","PC3","PC4","PC5","PC6","PC7","PC8","PC9","PC10","PC11","PC12","PC13","PC14","PC15","PC16","PC17","PC18","PC19","PC20","PC21","PC22","PC23","PC24","PC25","PC26","PC27","PC28","PC29","PC30","PC31","PC32","PC33","PC34","PC35","PC36","PC37","PC38","PC39","PC40"
"110-1E.ACF",-2.75293161846346,14.3382299066647,4.87373568846627,-3.22789380451083,4.05448607477867,-2.52620872223239,6.31695704537067,-1.53907350156683,0.314750790349986,-2.34151196054525,0.335292083658485,0.844814500309521,-1.30007975541412,-2.1785992109252,0.485224745856173,0.258588311305435,0.876203816275915,-0.0558385352468278,-0.781426559482085,-0.0507560655888249,1.31490051098182,0.629666405038516,0.95792762838031,-0.49434875461183,-0.100709557937498,-0.851154044652149,-0.0599953475189948,-0.425674601494028,0.474415867831567,2.45976838728065,0.742042498725281,0.220343203277801,-2.20522966651686,-0.92930232637623,-0.451590994499713,2.59419028127236,1.80213894257572,-2.9782313639389,2.98593124619709,1.5556132770822e-14
"173-1E.ACF",-15.7063577035241,6.87655867164175,-0.82105325350378,4.89183782086435,-5.82494058982458,-1.30190486303652,2.57402956285325,4.47116842005916,-2.01460544903603,-1.03914992064445,2.29600499096394,-3.19600615578966,0.0343533211631313,-0.387575299876817,-1.72853485092845,1.98577102264853,-1.45143537068548,4.09333843388238,0.809410258865541,-4.70540119832065,-2.22061308064096,2.68920319361877,1.1625448906028,1.0670465474982,2.64680875997626,-1.25034111515816,1.9210246854923,1.06222547304998,1.11612755625426,2.01056334708297,-2.49420076656667,0.884919457163296,2.39671257366534,0.834041086741513,0.14676119008701,0.537997035968338,-0.428816708041652,0.288883706122915,0.370948397945004,1.12496817417096e-14
"187-1E.ACF",-17.3377074649113,-10.5660123159114,2.1607562646109,-5.79616439532832,4.70479257791933,9.80215399334991,1.25523608085444,8.17854754582341,7.2236135900275,-2.1225577468096,5.97702345713823,1.35522971633326,0.713214862250168,-2.97876936553729,-0.623440952826333,-1.06211609461773,0.0592898573955301,-1.49951489818869,0.961341944355889,0.252929096646491,-1.4770979183157,-1.17866828071759,-0.648669314695155,0.701425084105072,-0.0118767649888295,-0.259717366732394,-0.452849234211004,0.782212590287262,0.0223302654414427,0.282988920120323,0.443063606308303,0.0260318314730589,0.0982541469509996,1.02042493649589,-0.161832298602466,0.385871291943526,-0.101026851387115,0.0249827360090463,-0.166470552911484,9.19750386962903e-15
"130-1E.ACF",8.23540644197876,-9.94157741250074,-7.64806960859183,0.0187305011630425,-0.382775159949843,-2.77194137797672,2.75295169909118,-2.48112016464958,1.68300176075234,-5.99736548198145,-1.36043076217278,-2.1944069966285,3.02300326085556,-2.1106617672104,-5.5131769878163,0.155909411975484,-2.69152530365409,0.0886081497317164,0.83455597176775,3.45689416004246,2.02255153062677,4.06033584994881,-1.61589947775452,1.47420152009967,0.513491224007039,0.166788996581478,1.19778745722155,2.88392106745175,0.335202342323507,-1.10024818419925,1.20183428018593,1.54504099185252,-1.07011234060101,-0.616268654857343,-1.38204679679364,0.06079510673122,0.361143999612856,0.505712835601179,-0.156251373286352,1.49845413854877e-14
"136-1E.ACF",-14.829752196113,-8.35047672139129,-6.14317533401204,6.92651966485329,1.45548937288985,-2.1655716358937,-3.38690184895413,1.50743382082414,0.8815963857646,-5.20588864747534,-1.85605922713184,-1.19322213575167,-2.7859662837945,-0.0282532886333123,8.53505900448432,-0.326475547893041,4.56855165869717,0.427859500812888,-3.06546960206575,0.164079661797755,1.1875057020724,0.252841926123531,0.147053094189061,0.324945519538168,1.22508867838274,-0.48227657406393,1.30692604510195,2.03971771214982,0.744385237722465,-1.42758532817204,0.739643661745435,-0.145185576194969,-0.215149714135048,-0.855877415056743,0.328481169682207,0.883915973853813,-0.0111635304547366,-0.0400440873393109,-0.234031174182354,1.52794443764037e-14
"151-1E.ACF",-12.0853154611841,-13.8546212494311,0.685887546201622,0.800959638503155,5.51996355294328,-4.30594168645156,-1.33269546389226,-6.2365449340887,-0.732335279355798,1.42019064466914,9.96596473879454,-1.07527505230541,0.794807483236677,4.61894094906602,-0.820271038399675,-0.891023071671625,-2.30159575316326,-0.435921729114704,-2.74868603356661,-0.377563287175597,1.91993166627068,0.858746401730691,1.31263457612614,-1.89105429098381,-0.596476716338393,-0.407638234239983,1.2661478618648,-2.12536666521926,-0.121972223838256,-0.126462566483679,-0.937711007480131,-0.0511744670185794,0.735166551895102,-1.15991040389601,0.089460830103628,0.254298017326049,-0.148627777989131,0.434423632377798,0.48346436871673,1.44467771079348e-14
"154-1E.ACF",-4.63581464918303,6.32134882639307,-2.71310349313541,3.26643348107953,5.13016725498586,-1.15815427110518,2.05527474835801,-0.139565299524403,-0.134998442079098,3.56434017382626,-0.565021358728283,-1.77669857032302,5.62119236807881,1.02745490751402,1.64807689532554,-2.25163310570339,-1.47783241836016,1.46312353340789,1.92074748639308,-0.845676965926638,-5.27283969784313,0.455164197810344,0.0846504803062248,-2.94569108884943,-1.69408148898672,0.308907375208541,0.102044248531412,2.7652791616902,2.12946547724342,-0.440159835577466,1.11360074359664,-2.40211973840877,-3.31647155710031,-0.826339597173349,0.607013650271004,-0.38122390928601,-0.604748211810182,0.721116285026962,-0.177397780304694,1.60375185354056e-14
"178-1E.ACF",-6.21904738796876,0.0546940530766789,4.26141442901072,3.26201672462747,4.09570243791924,-2.351265464676,-0.947625787683825,0.400288612755027,2.82516466369736,2.26959564604677,-3.45765961089535,-1.06986099432621,-0.737649498508829,-4.25925937426952,0.294819231517548,0.310700341010662,-4.25115445582847,-1.65923144945035,-1.33881123351856,0.005748914230826,0.178821966302468,0.564263726338479,-0.469075902388676,-1.46284930931042,5.62929928564913,4.49607663903652,-2.46626570531659,-0.802746702298301,-1.2136335929488,-1.41888519274187,-1.97513054495576,0.466604417741729,0.0163655066841682,-0.824682668053956,1.66200976539669,-0.959451485463292,0.140282449649057,0.215956316681289,0.838689833972441,1.483156045895e-14
"183-1E.ACF",-4.73217842280585,1.95550251866296,3.60850701524851,-0.61500288443802,1.53679891070113,-0.46212262844096,-1.85369852825781,-2.31304624948354,0.392257540499815,1.51319172545103,-0.560031361575745,1.63581386353045,3.00072496188732,2.64763268995343,-1.36513610857779,3.63934695097323,4.36393911607736,-0.744019103476393,-2.27436728751488,-0.883353387529201,-0.475624186667957,1.01277173824082,-4.92414394298377,-1.76422129277454,2.3808557913006,0.696593367460245,1.08083991262587,2.17710745642197,-2.87701857270055,2.96452244131406,2.40168557947319,-1.4684874766374,1.42123036321583,1.43602562368953,-1.17354728871138,-1.51714758653136,0.877394155836625,-0.238227431068176,-0.14397960324089,1.40820514971107e-14
"240-2E.ACF",-2.46997591298033,2.76169471816184,-5.02592047544115,3.86865460296701,5.03056608160665,3.89881196280542,-0.352196141854944,0.0998115013855551,-6.7692879251767,0.248927478405205,0.330208804640575,1.69728303133598,-1.58411928400396,-2.14325194939847,-1.35126096352021,-2.46728576244045,1.95741682785033,0.623883792702533,-2.88881755918676,0.438462015433542,-3.5681135782401,1.15281902417782,-2.80526493869047,2.99401221517982,-0.850686661072187,1.11457156904229,1.27840113631827,-3.55003195116777,-1.48819151587063,-0.46275833469043,-1.11772278806479,2.13412740613275,-2.18514163868536,0.953244258952324,-1.38099165628201,-0.956497017321621,-1.1337382953006,-0.113113566908574,0.452287378424959,1.65562008547226e-14
"110-2E.Normal",1.83020804341047,10.0827730335645,4.6516365740501,-0.0533702690924345,6.33572329735194,-4.70462337175738,1.19185956059549,-1.95405190262351,3.37443179188653,-0.850053777182215,-1.70156209465176,3.95906207152291,-2.16528703857304,-0.334502660255001,-0.117709808029988,-2.1591285570009,0.986938915807612,-0.757143449299019,0.712609945316437,-0.296472350496402,1.89521208847625,0.820492082515543,0.656014082052685,-0.0285981624480463,0.200281226330339,-1.96039542655243,-0.341922823134154,-0.0366821361610994,4.52324961695867,-0.306137944228575,-0.248334407305637,0.541882653761637,1.74878467768795,2.32668662346811,-1.88638025156119,-2.55781586399822,-2.49072130551346,0.887409644280746,-0.207464635452436,1.73537941829116e-14
"173-2E.Normal",-7.93374137409155,1.11071597872799,-3.05853832517579,0.802996517449288,-3.83166469999148,2.29811887387635,-3.99121088298455,-2.91231072702213,2.49083404073489,-0.5768643365649,-0.510415167502872,2.78883262423045,-2.36251644286087,0.910209844155534,-0.714662021341122,-0.710161153354791,0.904435053369613,-0.257104769631038,2.34931288009274,-1.21219423920274,-0.847022133462234,1.25516718353403,2.97389375922775,-0.940223971199674,-0.538720762632853,-1.45540106274258,-0.496192759398012,-0.426806125835653,-0.995663939779393,1.7831630584127,2.32644453226665,3.61809166450812,-1.61676439038833,-0.582574793321876,2.65595797192932,-2.91315704159118,1.92367169326951,1.66765137750783,1.24438933293083,1.7280014225074e-14
"187-2E.Normal",-19.180301109117,-4.4455396856699,-2.36542742910346,-1.62154695802354,-3.21284344692066,3.88861231677265,4.70030379439479,-0.76435383665316,-1.26743193874909,1.54723779141124,-2.79177551071344,2.40459408551646,1.41740089762482,1.9954384920828,-0.286033771499304,2.57531328662895,-0.746241782106849,4.09537375582225,-0.516636895469503,-2.37303919470396,3.46081009476993,-1.44191048781269,2.27669280720667,0.0609103449141711,0.979053095190564,2.77593720392586,-1.15013855509413,-2.44900940100799,1.0475243753947,-2.02323903967724,3.04310682867044,-0.650563263364689,-1.45940700198829,1.43924748888388,-2.21647241709495,0.646321157572702,0.154072086252857,0.926884635583279,-0.259539211944977,1.29861399411624e-14
"130-2E.Normal",-2.32522626355667,9.59507614184698,-2.45347752106274,2.07134114957948,-3.80468370681987,0.514582509807329,-1.66721491812835,-1.94153308508981,-2.30058808152818,-0.46919288043781,2.61329901588814,1.67484181142761,-1.69060992064416,-0.227372497799013,-1.13806955150249,-3.21915268079759,-1.30089054553028,-2.71943923882094,2.30350416092312,3.16606159075393,1.17459615053222,-4.01299137699228,-0.12681187806495,0.35098823772829,5.14134346837866,-1.02270490920435,3.19770568820815,-0.237499917181213,0.561625471665437,1.16581957105616,-0.162816300598529,-2.37230778328917,-1.9034932142871,1.29726628038754,0.420592948550251,1.08544528372653,0.838654596809569,0.959842196308301,-1.39622656260394,1.71508857463309e-14
"136-3E.Normal",-13.2864868758699,2.97248002705479,2.97216956730241,-1.57674508103593,-1.23687098549051,1.65545685472512,-2.28194605197498,-1.92121499232635,-0.614494866827037,-4.51574504691491,-3.47770725988487,4.78341498815391,2.60654434631694,4.56823894319132,1.96014459891093,-0.986876064333034,-5.14088115283133,-2.45638648848891,1.03514599934173,-2.16645769449612,-0.359033194447242,0.673060147188752,-2.57893694953821,4.86536212340147,-1.69614431431673,0.460099997935547,-0.46707482396308,-0.559905191816873,0.48564987610161,0.608996986470237,-0.780071662626753,-1.51183782600162,1.07362156132845,-2.27578433686202,0.749648842195772,-0.0230258506538665,0.223417045963635,-0.758127373163189,-0.290133651820318,1.32671651442706e-14
"151-2E.Normal",-3.33237295711406,0.969827515601919,0.244016199273635,-2.28041419396882,-2.72412443513807,3.24782765295415,-0.237327249728125,-5.06445596282001,-4.73612424100004,1.13261714492783,2.01027895268549,2.4133169247305,1.87798869235337,-6.77776967786354,0.147554980519972,-1.76681076080314,-0.247463743308355,3.94755677949536,-0.757216696635727,1.1149296621107,0.308161458273646,-1.76856893462567,-1.56625978740862,-0.678075959635038,0.155325062182,-2.37725359938187,-1.05637670444247,1.45948520999216,0.389781561871756,-2.69020093982942,1.94932650688862,-0.389032296242453,3.28888449534617,-1.13066996899853,1.9840944782938,-0.553276559987929,-0.434036641109562,-1.07879637227792,0.717256741432763,1.63291689198042e-14
"154-2E.Normal",-1.62885723343535,11.4164374060018,-1.81849527120417,0.638740266289538,0.75813926499141,2.08055294896022,2.86241773263118,-0.0406995235179771,1.39083465687434,3.99866243852457,0.774002373204246,-4.46167571628524,0.890847397393724,1.63306828915467,2.58221387084913,-3.2680493254616,0.360053720725339,-0.329411057746584,1.66976863559285,1.50522962581067,1.2183903038201,0.21832424762842,2.99332252016897,3.115538405536,0.459161363658787,-1.29336010071588,-1.08734159097575,1.13735238407551,-4.21582486197659,-1.3757842020994,-0.433109352177684,-0.297393704394605,1.54638748763198,-1.30892143095557,-3.24524426387943,-1.76632176133081,1.24028594499239,-0.246635437079457,-0.0505944752439852,1.67166898813048e-14
"178-2E.Normal",-10.7373512657149,-1.36031645931383,0.919921749731761,-0.0834789928181832,-2.36198216734888,0.187934219259012,-2.88294234175946,-3.6336784047893,0.359755340236488,2.91696354778851,-1.44505635991631,3.11334193915207,-1.7016625669913,-2.71489660400031,1.14084697470947,0.341608319973972,-1.67115598871255,0.683848964818568,-0.0297802074974294,3.13466032696288,-0.0633477955717536,-0.747382811287724,2.42662043498849,-0.592751697884854,-4.52311043065617,4.22365890762217,2.11440605528644,3.66474484179776,-0.978949382366642,2.33145418310608,-2.30762557666483,0.853022837866196,0.929019639828215,1.58192443942017,-1.11364168779476,1.26037701242955,-0.428133698624148,0.180376707897334,0.0639053708626217,1.45343806434717e-14
"183-3E.Normal",-7.49528906984233,11.0706421386602,5.54902481810826,0.0110788129403993,-1.81659893091759,0.244639762277835,-4.99174873716846,-2.50431040818838,3.12059829151923,1.86591861227679,0.0928880262881354,-1.4605691481419,1.38705089471368,0.917649357094798,-3.48387955035143,0.615568134287261,3.8105391747497,-0.878954146438873,-1.28160494322006,-0.772747309133675,-1.28930620068547,-0.342097553006119,-0.684036856356558,0.0823062226467108,-0.792381934539805,0.174496691119118,-0.342842105259794,0.0641278013939301,2.30231065489716,-3.90267032693584,-1.46853429099086,2.82133527532923,-0.297217035373094,-0.60037319149539,-0.203018491575081,2.01349072988652,2.32236088535102,-0.730266618572437,-2.38957845725585,1.61771637752217e-14
"240-3E.Normal",-16.5068740972746,1.79650706342025,-3.03584803751842,2.27834960857659,-0.839337593041856,1.58882730038324,6.64468116370355,1.81353555065326,-1.40702763840336,2.17666096313171,-2.00599316401564,-1.57158292255739,-5.53621309474631,5.3734291733033,-1.68442596119068,2.88953324863085,-1.87453198031287,-1.54811489554948,-1.85122250230129,5.20414644613203,-0.601840110616373,-0.532361430224005,-2.09054384133887,-1.19645267291089,-1.20127267247538,-2.59182264606806,-3.10209849363067,1.07559380327233,0.22296159552631,-0.2355839603266,-0.181792061554807,0.550355602927075,0.338004998196399,0.617811662519006,1.62551970454013,0.187456066881391,-0.807221141475729,-0.332610856563331,-0.25902237565866,1.17232612506513e-14
"110-1S.ACF",4.78782198347465,10.5359565807154,3.57216147588552,-3.85448888632809,1.58880708526176,-3.87360285581985,4.88342837311008,0.600330542651565,0.619363755920106,-2.08183970632887,1.12352812552737,0.943764170289943,-1.08392407145678,-3.04158705368827,0.619611653075787,0.76780718406096,0.935055949523376,1.82131329617244,-1.80767265477738,-0.496213682528659,0.792144197797767,1.06424101776174,0.00466508020987691,0.354763532136214,-1.70809504030112,-0.0305022025811947,-0.809792702720985,-1.10241322116389,-3.13708424687422,1.30104388846547,0.609053373781847,-0.480602897453412,-0.216865599587796,-1.96100696512066,1.58999653883895,1.34654918889418,-0.953486625583095,3.40974930685569,-3.16190464374825,1.69985553410967e-14
"173-1S.ACF",12.1941499792194,9.24830491004595,-3.47901101334072,-0.293088020260952,-2.30347141448362,2.31108643844632,-3.75239258635047,-0.918835613855051,2.56648695471733,-3.23331242189146,3.44738303573588,-1.50349616120235,-2.97635029681318,-0.88070619880953,0.537022055256017,3.02661183381392,-1.00559706868487,2.30731067879871,-0.673664231091782,-0.405210192651403,1.27050153434942,2.01477541401848,-1.32043238935606,-0.471824462812448,-2.6932298753656,0.410896853624746,-1.15948353578946,-0.64794124238623,-0.099746687787832,-2.09289173990775,-2.32821443642328,-4.35126305159003,-1.28494092960581,2.48452311657865,0.502663138384622,-1.72592337908125,1.62346361921007,0.0545007788170408,0.805522532272906,1.6752224607508e-14
"187-1S.ACF",-13.4779854448278,-5.825862036823,-9.11309696000668,5.13547798233048,-0.586230745351035,-4.26657754247476,2.22089933623459,-1.60318655186012,0.363325777953111,-1.92863147116001,-2.1267490465026,-0.790801748063961,3.5335164006933,-3.89470654404727,-2.5388576846886,1.42462524513629,3.85957826820224,-4.21997100013945,3.48903830114536,-1.67369998826041,0.418193108713931,-2.62447995660198,1.03270098848351,-1.36767738667876,-2.23705804422324,-0.670274776107567,-1.75576673860468,-2.6784567008696,-1.22465398265784,0.846013380280263,-1.83970688305985,-1.53125220240074,0.92581425308788,0.238699170832635,0.256580011680989,-0.281227206123871,-0.537904154156065,-1.13689158283705,-0.429268251294686,8.0482495667944e-15
"130-1S.ACF",24.2527912829057,2.21099973402747,-6.80174453455881,1.2908444816357,3.50308697799182,5.11717024002442,-0.517030823844443,-2.03788687390455,-0.186447214479697,-0.091546706821988,1.89160781390516,2.08965461939977,3.09271033463431,0.50461717750381,4.79850880977163,6.18431284027929,-1.14819663183428,0.905442226239795,2.35605006586096,1.85543388560771,-0.778344993109503,-1.22035743420125,-0.572222279214347,-1.09842820816902,1.70279808913011,-0.655329820001019,-1.55311797874172,-1.27164950981836,1.59575060027342,1.76177307922544,-1.6267539983121,2.56407253830233,0.869500809317544,-1.03976744099579,-1.26785556789928,0.780097014665796,0.415349012366221,0.539990982103562,-0.451810346141853,1.79647963172158e-14
"136-1S.ACF",3.78013870202467,-5.04625699783879,4.13342674840483,5.14995471662745,-6.58445098666617e-05,-1.43179376640797,-5.26018411165906,1.99944408287078,3.53806335984974,2.60335550939306,-4.29325075060757,-3.48753677351681,-0.262221756396991,-3.24964087445642,0.147279504386552,0.901847543339703,-5.47249613520994,1.06539930244983,-2.53043843153498,-0.489687630931723,-0.239544081034375,-2.28624866163804,-1.04712276318664,-0.175139709357638,-2.00522556348785,-4.43887600241877,2.02291667298554,-2.6535067682513,-0.425923092304374,1.33414359104877,2.17152910944596,-0.0117098030262883,-0.142004351959594,0.26495549409245,-1.59731353521453,0.314048131826703,0.620699162099769,-0.0723867590001261,-0.276054877843869,1.48445708850198e-14
"151-1S.ACF",-0.664538540402326,-0.74642678609977,5.45699877114844,-1.44945076532113,3.88771710659505,-3.68858997580331,-5.74340831680692,4.3654523986612,-2.65912499374215,-4.68935513865358,-1.15075327935392,-3.70835269258259,2.12860923204797,3.35424905413456,-1.82841129803092,-2.33044462399934,1.61102082941446,6.1138282147454,2.22645509639383,3.68209370186534,0.920224533732499,-3.35651638727723,0.137133737346547,0.252056623719692,-0.324337507622783,1.71004078538021,-2.26441502631705,-0.817459777399397,0.0526235737427391,1.795290729879,-0.239159319603418,0.521916361327979,0.433973999421558,0.534428588787841,0.75822017362345,-0.490709267937433,0.368590515591774,-0.130497727856044,0.302668700857947,1.58091855578801e-14
"154-1S.ACF",2.30826571533671,-10.3992001243494,4.62014855570873,-5.57265558041858,2.7156064797604,-3.05794275897415,-0.888637612369224,-3.87402262710378,-4.02561215947735,2.00061170697031,1.77067462041856,-4.95954477646325,-5.50579286058172,-1.84114925358034,0.814744138016485,3.92606570474746,0.27095874270962,-1.61364743132829,4.24190854595435,-3.13128657300238,-0.968688242800384,-1.95922892005424,-0.908774370022913,3.9830330316898,0.0457188500038525,0.504763791986083,-1.03208523995405,2.11505408394135,0.873424494739957,-0.0107437166729288,1.30813342111924,0.128720596905348,-1.3763454639617,0.11874069426124,-0.192992655994521,-0.444006978993235,-0.307326848296558,0.0826048147143772,-0.300785610564764,1.8448404696253e-14
"178-1S.ACF",15.3435462884507,-3.37911297293357,0.108579452650319,2.66401382725709,0.0969869923130195,-3.32108728865808,-0.948467259607436,3.85549629075113,-0.416100973348777,3.19938346919361,1.07756366506085,3.26448897070693,4.02158580542478,-0.0434648124884653,-1.79413567315645,3.21691955816495,1.41872124030525,-1.51856759511381,-4.82091083797744,1.82710262674214,-0.6765214669213,-0.411796911114746,4.84761924092781,5.33606539302719,0.443414651105846,-0.475053855939278,-0.73150372870842,1.04337516870289,1.06260467990192,0.151991021594445,0.507402978829965,-1.32565231410896,-0.418223339226848,0.61715578969173,1.89772264434311,-0.391452302559392,0.114746116621875,-0.153442839968307,0.562276496940493,2.07524969431105e-14
"183-1S.ACF",0.97186876393181,-6.59743511722611,-0.245117039996829,1.52354420130492,-2.17275037060021,-3.08246009905204,-1.48419208925845,8.18717673040021,-2.22158082148425,7.58727824885401,0.89186923211829,3.6074657584629,-0.971713007253845,-1.05514275802358,0.410779666634724,-1.15365432922184,1.76941067541637,0.346916440791232,3.71131227276664,0.661469426421619,4.41328376994114,3.6491865599885,-3.21163891366233,-0.407502900883958,-1.08755375149595,-0.0271165360783403,0.0410240189320873,-0.575687500342371,1.48174298759751,0.481748796654391,-0.677315121554159,-0.453320320923402,-0.543254954897689,-1.98300120343352,-0.160565526563438,0.086923403611934,1.15364061387358,-0.0269096946791424,-0.00893919202389074,1.21369927996717e-14
"240-2S.ACF",14.8939052108214,2.97079017559244,-3.14497680434521,1.15167170805479,7.21425311414924,8.4601332801244,-3.37613827696603,2.9884597280463,-5.28038523416912,-1.27592584715737,-2.9815171489609,-0.870692495289739,-2.32912233542889,0.948286549924261,-4.09849631275915,-0.898041188122197,-0.606168782232206,-2.34150629882932,-1.57838298502447,-4.19895401043516,3.1082842561881,-0.436291599993801,2.45986506599848,-2.59366635249852,-0.63677710571396,0.0883894559266989,0.29425119033337,2.51345443411038,0.073450098955024,0.296292468902316,0.0138182191322656,-0.649085271839799,1.02789660927735,-1.3341369326601,0.081883725453844,0.656032310972513,0.0934949729781075,0.208972095066566,-0.294953836988912,2.14541925891432e-14
"110-2S.Normal",16.099140290572,-2.64820453849393,-2.00433038665097,0.319993235134763,-0.294909377757442,-7.5573378237871,3.47079184052293,4.20519229820493,1.28102071843254,-1.49492725504695,1.10605279342863,6.05823242964505,-1.85849536884264,2.81878851039766,-0.525724946519676,0.0238590944565042,-1.67999154873866,1.44442435518065,0.936380553398223,-2.89952156790528,-1.50025220522507,-4.53352355282523,-0.975667588694236,-1.36944400834536,-0.233758700607713,-0.118002537932373,1.6253183913677,1.73966335899759,-2.98322909877202,-3.40230804862561,-0.664819163642954,1.52845811789993,-0.209948919487292,0.117070822011561,-0.380833567731934,-0.302615682674423,0.432152087007927,-0.836973117669643,0.389710416615849,1.86742982188903e-14
"173-2S.Normal",13.3415158187964,-4.05593854925017,-2.96792772240935,2.4976918064194,-0.878285753558739,-1.45636842861959,-3.45461475781776,-1.04334625870931,1.63058165666173,0.00537327262606652,0.748103813912205,1.88304721846379,-4.24889131046411,1.17074483555642,-0.909874400653465,-2.42523668904255,-0.331465283782231,0.637428278495042,2.1138020058631,0.400561643824137,-4.19560471489293,3.89542876063562,1.93885264638421,-0.514175328939356,1.20895933351344,1.2604434480964,-2.64733232554526,-1.56911667260866,-0.737772886481261,0.201502173966012,3.23862738302742,-1.52065966356937,1.90964778716654,0.793071900320621,-0.649600756419272,2.50100998499838,-0.590688515714281,-1.90714103792982,-1.12364072956681,1.75588710238372e-14
"187-2S.Normal",9.38522236797244,6.59408042883167,-3.14759898220207,-1.27860418897916,-8.61034252996351,-1.2644234665335,2.04945493855082,2.95518772142347,0.546004323591034,-1.33551991841325,3.58355476398015,-3.32435495534409,-1.03639397666488,-0.328861841994374,0.485775188531325,-1.29341655739472,-0.187915656378443,-2.83471122349776,-3.34568613456238,-0.0072633114257399,-0.766802316520326,-2.41385447762579,-0.891225452856468,-1.10008988636831,-1.25188453497422,4.30055831782818,0.10251092004865,-0.868338768801438,2.87894271532819,1.56273545509841,2.18929766747986,0.560501556090352,0.962156534170199,-2.3815795892275,-1.17345327296483,-2.1286145899778,-0.495477842436781,-0.506495033667093,0.0120994261198187,1.76837711141076e-14
"130-2S.Normal",7.63638064227834,8.11545489371084,-1.87729037846461,-2.50886069905332,1.88513417118576,0.783050527333141,1.21040753065107,1.41345181505314,0.231110159442436,1.68216043027027,-0.169930166462715,-3.65373814292751,2.97994425825326,1.43321603257674,2.9366088857935,0.335577098349533,-0.863639052116109,-1.95608340015087,2.24461181229904,-0.1460578028719,2.69139588484518,1.44690894696675,-0.374498081954696,0.35235867701356,-1.12829924582296,1.60028767867843,3.79034326783903,-1.58257703091017,-0.882337150997001,-1.37707026764771,2.09224838111942,2.00310007429578,1.04134711409805,3.19010503073588,3.49578506790867,0.51624200555143,-1.22728032443982,-1.39989792098887,-0.268083017293983,1.66637537102332e-14
"136-3S.Normal",17.792730100841,-10.4822281810767,16.1956979824404,14.0370755115836,-4.06830931179292,6.39457487874285,6.47128881560803,-2.76090555356663,0.32795612340769,-1.89988100577636,0.268862117921837,-0.548031204794074,0.381142260623792,0.948453331899113,0.396826745884733,-1.11471291322785,2.02401970110448,-0.189056126620142,1.48162935876611,0.167828467928378,0.466912928894272,0.103089384645929,-0.17544906908149,-0.2073465416003,-0.717355520419593,0.581470739269739,0.395277561241133,-0.0467148298790976,-0.208014582797995,-0.241577159246112,-0.465946877150114,-0.211587724236525,-0.501126602666619,0.0276004603338267,0.447969537580118,-0.11860291382935,-0.397430034124274,0.200847972306049,0.215362103817989,1.79127546129365e-14
"151-2S.Normal",-3.08180472855606,-3.12484026588004,8.77215403546641,-7.37845786529322,-4.73851867050342,-1.88003586695272,-2.0704253928122,3.76847621580745,-7.27807181189399,-3.65953186659315,-0.425247530155443,0.239612270537804,2.56401487817038,-0.850037565801028,2.68990634735555,1.09079260543785,-1.05436906245815,-4.24930824877683,-0.127943722896381,1.57658857075731,-1.79927973052944,2.59475025451266,2.37446394674182,-3.51297706356173,0.204420301038055,-1.75865353475482,-0.619994845284809,-0.485691203332388,-0.839322090863353,-1.79610263382517,-0.340635192512759,0.40078874228085,-0.605491197314915,1.24567490666019,-1.6656244573179,-0.410174960104143,0.144835619512293,0.47487718279684,-0.0535193102901603,1.51571463713474e-14
"154-2S.Normal",12.7475043117094,-8.56473340908343,-3.64404148529931,-5.546591482785,-4.94433009185392,-0.0220631176528224,0.902009885280969,-2.36194825282151,0.900630725908933,1.96706201115387,-0.850354397680074,-1.23173048489298,2.14356460226626,0.702108238929559,1.98499519574494,-5.68288004731647,-0.181442942374158,0.228711008505098,-3.32392060308557,-3.38300676708801,1.61806479994523,-0.150110600602387,-1.55440125395147,0.0456545519166948,0.822049748228199,-1.43299905922202,-3.81364932167556,1.3840250001811,-0.167234914961717,2.34984157783731,-2.1746012393427,1.36206019797763,-1.68934960487822,2.55655880873944,0.416162917332331,0.826456871757648,-0.347674029908742,-0.439684957502561,-0.573798649301365,1.66637537102332e-14
"178-2S.Normal",2.5353854454166,5.67445895573534,0.124485227643287,-2.84475779639124,-4.88692372285638,1.30714211978652,-5.96035670245703,-0.251218957713682,3.30262955534754,1.03292642553582,-0.446475392958683,-0.927932220034972,0.632844474239785,1.80662233541993,-1.5412070121658,1.17693997576762,2.1553626804941,-0.480077567386462,0.941809679855821,0.158743179872135,0.517844423627687,-0.515757378762378,-0.834199997703696,0.11874199246915,0.700299604697114,-0.852847693256344,0.00487617958614382,-0.0664358116178844,-1.37112428982125,-1.19162617098028,-0.32251597259229,-0.383944919919824,-1.08898921528768,-1.82100600419003,-0.600119007357112,2.0298482403349,-4.58938348196582,1.30665778209334,3.05722748385931,1.52464846303602e-14
"183-3S.Normal",3.10768420720074,-8.52693745295481,0.756573419894734,-9.02632373489049,-0.857075817058697,2.90801195506319,1.39431770322787,-1.37716778660295,2.0272471330318,0.768414207955956,-3.45345220866671,-0.146823412359508,-1.6143903548562,0.907914404998637,-0.582470547611353,1.19257962682786,1.41885048950837,3.04752993714175,-0.357606273813399,1.15934168506155,-0.722892741479045,0.828892703919362,2.1739100057865,-0.972944043955151,1.66090948625084,-0.74563594913311,3.49036792869058,-1.11926162683243,0.149180805270087,0.60252326414019,-2.27314600120696,-1.11517632765666,-1.30859962392062,-2.28258662874771,0.656588546903422,-2.26150957306497,-1.34345979292183,-2.82455344601203,-1.89036233152781,1.72127936903799e-14
"240-3S.Normal",9.17624418059533,-8.75681340191053,-2.15905146522354,-7.6000306603041,0.863614612388656,-0.038670822385776,4.42504607129703,-1.13497580688949,0.652957974143579,1.30792968798683,-4.6747206267332,-1.60447823416853,-1.09366150793181,1.03914548180158,0.0297809489448812,-2.03317886541401,2.33564394067583,-0.597887995898787,-0.239129579730148,0.582258531672851,-3.07496252115819,-0.307982410980378,-0.585289936223666,0.3060730711592,-0.0902418250440384,0.283375228214348,2.17807036461168,-1.80836619112055,1.44494725875857,-0.670140730067806,-1.03099580740942,-1.40901689883636,2.89135725290047,0.218532367818344,0.530011641158099,1.21538882030466,2.52795229167876,2.85948623687186,2.06207081952556,1.56142460072672e-14
